"from_doi","from_label","to_doi","to_label"
"10.1016/j.cjco.2025.02.012","Ahmed 2025","10.1136/openhrt-2023-002455","Lautrup 2023"
"10.12997/jla.2025.14.1.77","Ahn 2025","10.2196/40789","Aggarwal 2023"
"10.12997/jla.2025.14.1.77","Ahn 2025","10.2196/56930","Laymouna 2024"
"10.1016/bs.pbr.2025.08.003","Ali 2025","10.3389/fdgth.2024.1418695","Maher 2024"
"10.1016/j.joen.2025.04.015","Aljamani 2025","10.1186/s12911-024-02619-8","Dursun 2024"
"10.1016/j.joen.2025.04.015","Aljamani 2025","10.1016/j.ejwf.2024.09.004","Aziz 2024"
"10.1016/j.joen.2025.04.015","Aljamani 2025","10.1111/ipd.13283","Elkarmi 2024"
"10.3390/healthcare13040363","Amil 2025","10.1016/j.health.2022.100072","Montenegro 2022"
"10.3390/healthcare13040363","Amil 2025","10.2196/51361","Nguyen 2023"
"10.1016/j.cpcardiol.2024.102797","Anaya 2024","10.1016/j.jvir.2023.05.037","McCarthy 2023"
"10.3389/fpubh.2025.1709611","Angyal 2026","10.2196/40789","Aggarwal 2023"
"10.3389/fpubh.2025.1709611","Angyal 2026","10.2196/47479","Walker 2023"
"10.2196/56114","Anisha 2024","10.2196/42965","Calvo 2023"
"10.1007/s10916-025-02166-3","Anisha 2025","10.1109/ro-man57019.2023.10309459","Lima 2023"
"10.1007/s10916-025-02166-3","Anisha 2025","10.2196/56114","Anisha 2024"
"10.1016/j.cct.2026.108217","An 2026","10.1001/jamanetworkopen.2024.32143","Kaphingst 2024"
"10.4103/aca.aca_145_25","Asai 2026","10.1007/s44163-024-00189-2","Phillips 2024"
"10.1016/j.jpsychires.2025.11.039","Attanasio 2025","10.1038/s41746-023-00979-5","Li 2023"
"10.1055/a-2647-1210","Bautista 2025","10.1016/j.ijmedinf.2023.105219","Yun 2023"
"10.1055/a-2647-1210","Bautista 2025","10.1371/journal.pone.0296151","Choudhury 2024"
"10.1055/a-2647-1210","Bautista 2025","10.1016/j.ejca.2025.115274","Menz 2025"
"10.1111/nmo.70344","Bertin 2026","10.3390/healthcare11060887","Sallam 2023"
"10.1111/nmo.70344","Bertin 2026","10.2196/47479","Walker 2023"
"10.1007/s00431-026-07143-7","Aslihan 2026","10.1145/3589334.3645643","Jin 2024"
"10.1007/s00431-026-07143-7","Aslihan 2026","10.1111/ipd.13283","Elkarmi 2024"
"10.1007/s00431-026-07143-7","Aslihan 2026","10.1111/edt.13020","Güven 2024"
"10.1007/s00431-026-07143-7","Aslihan 2026","10.1038/s41598-025-94576-z","Terzi 2025"
"10.1007/s00431-026-07143-7","Aslihan 2026","10.1186/s12903-026-07751-7","Karadeniz 2026"
"10.1111/opo.13284","Biswas 2024","10.3390/healthcare11060887","Sallam 2023"
"10.1111/opo.13284","Biswas 2024","10.1111/opo.13207","Biswas 2023"
"10.1111/opo.13284","Biswas 2024","10.1016/j.xops.2023.100394","Tan 2023"
"10.1111/opo.13284","Biswas 2024","10.1016/j.jsurg.2023.11.019","Singer 2023"
"10.1016/j.ajhg.2022.05.001","Bombard 2022","10.1016/j.pec.2021.09.027","Siglen 2021"
"10.1016/j.contraception.2025.111199","Brennan 2025","10.2196/29969","Wang 2022"
"10.1016/j.contraception.2025.111199","Brennan 2025","10.2196/46758","Mills 2023"
"10.1016/j.contraception.2025.111199","Brennan 2025","10.2196/47217","Xue 2023"
"10.1016/j.contraception.2025.111199","Brennan 2025","10.2196/47551","Li 2023"
"10.1016/j.contraception.2025.111199","Brennan 2025","10.1371/journal.pdig.0000492","Nadarzynski 2024"
"10.1016/j.contraception.2025.111199","Brennan 2025","10.1177/20552076241308994","Bull 2024"
"10.1016/j.ijmedinf.2025.105948","Büker 2025","10.2196/40789","Aggarwal 2023"
"10.1016/j.ijmedinf.2025.105948","Büker 2025","10.1097/md.0000000000038352","Arça 2024"
"10.1016/j.ijmedinf.2025.105948","Büker 2025","10.1016/j.oooo.2025.01.001","Helvacıoğlu-Yiğit 2025"
"10.1016/j.ijmedinf.2025.105948","Büker 2025","10.1111/jerd.13447","Özdemir 2025"
"10.1007/s10067-025-07771-8","Çelik 2025","10.1007/s00464-024-10739-5","Ghanem 2024"
"10.1007/s10067-025-07771-8","Çelik 2025","10.1097/md.0000000000038352","Arça 2024"
"10.1002/ksa.70247","Çakmur 2025","10.5435/jaaos-d-24-01274","Ramlawi 2025"
"10.1002/ksa.70247","Çakmur 2025","10.3390/healthcare13212670","Koluman 2025"
"10.1097/scs.0000000000012415","Şen 2026","10.2196/60291","Yau 2024"
"10.1097/scs.0000000000012415","Şen 2026","10.1016/j.oooo.2025.01.001","Helvacıoğlu-Yiğit 2025"
"10.1097/scs.0000000000012415","Şen 2026","10.1038/s41598-025-94576-z","Terzi 2025"
"10.1097/scs.0000000000012415","Şen 2026","10.1186/s12903-025-05965-9","Esmailpour 2025"
"10.1097/scs.0000000000012415","Şen 2026","10.1016/j.ijmedinf.2025.105948","Büker 2025"
"10.1097/scs.0000000000012415","Şen 2026","10.1186/s12903-025-06267-w","Özcivelek 2025"
"10.1093/oncolo/oyaf038","Chen 2025","10.2196/47479","Walker 2023"
"10.1093/oncolo/oyaf038","Chen 2025","10.1016/j.eururo.2023.07.004","Musheyev 2023"
"10.1093/oncolo/oyaf038","Chen 2025","10.1007/s00345-023-04563-0","Szczesniewski 2023"
"10.1093/oncolo/oyaf038","Chen 2025","10.1097/coc.0000000000001050","Janopaul‐Naylor 2023"
"10.1093/oncolo/oyaf038","Chen 2025","10.3389/fonc.2023.1256459","Kuşçu 2023"
"10.1093/oncolo/oyaf038","Chen 2025","10.1002/lary.31243","Lee 2023"
"10.2196/66403","Chen 2025","10.2196/32578","Chew 2022"
"10.2196/66403","Chen 2025","10.2196/43227","Han 2023"
"10.1136/bjo-2023-324533","Cheong 2024","10.1093/asj/sjad140","Seth 2023"
"10.2196/60205","Choi 2025","10.1016/j.pec.2021.09.027","Siglen 2021"
"10.2196/60205","Choi 2025","10.2196/37882","Mash 2022"
"10.2196/60205","Choi 2025","10.2196/41017","Biro 2023"
"10.2196/60205","Choi 2025","10.2196/40789","Aggarwal 2023"
"10.2196/60205","Choi 2025","10.2196/45894","Han 2023"
"10.2196/60205","Choi 2025","10.1016/j.ipm.2023.103444","Wang 2023"
"10.2196/63058","Choo 2025","10.2196/49324","Wilhelm 2023"
"10.1038/s41443-025-01112-8","Clark 2025","10.1007/s10916-024-02056-0","Şahin 2024"
"10.1038/s41443-025-01112-8","Clark 2025","10.1007/s11255-025-04461-x","Anıl 2025"
"10.1055/a-2769-1301","Clement 2026","10.1002/lary.31243","Lee 2023"
"10.3389/fdgth.2025.1560580","Coelho 2025","10.2196/40789","Aggarwal 2023"
"10.1111/ans.70053","COLLIN 2025","10.1177/17085381241240550","Chervonski 2024"
"10.1016/j.vaccine.2024.126559","Cosma 2024","10.2196/43639","Kittipimpanon 2022"
"10.1016/j.vaccine.2024.126559","Cosma 2024","10.2196/39045","Pérez-Ramos 2022"
"10.1016/j.vaccine.2024.126559","Cosma 2024","10.1038/s41746-023-00843-6","Lee 2023"
"10.1016/j.vaccine.2024.126559","Cosma 2024","10.2196/42758","Passanante 2023"
"10.1016/j.vaccine.2024.126559","Cosma 2024","10.3390/vaccines12070708","Li 2024"
"10.1016/j.japh.2024.102119","Covington 2024","10.1016/j.jvir.2023.05.037","McCarthy 2023"
"10.1016/j.japh.2024.102119","Covington 2024","10.1016/j.eururo.2023.07.004","Musheyev 2023"
"10.1136/bmjopen-2025-099241","Groef 2025","10.1186/s12912-023-01243-7","Tawfik 2023"
"10.1007/s00405-025-09810-1","Morais 2025","10.2196/47551","Li 2023"
"10.1007/s00405-025-09810-1","Morais 2025","10.1016/j.oraloncology.2024.106701","Dhane 2024"
"10.1007/s00405-025-09810-1","Morais 2025","10.2196/56930","Laymouna 2024"
"10.1186/s12894-025-02033-w","Değer 2026","10.1038/s41391-024-00826-y","Hershenhouse 2024"
"10.1186/s12894-025-02033-w","Değer 2026","10.1007/s11255-025-04461-x","Anıl 2025"
"10.1186/s12894-025-02033-w","Değer 2026","10.1007/s10916-025-02178-z","Yıldız 2025"
"10.1186/s12894-025-02033-w","Değer 2026","10.1016/j.ijmedinf.2025.105948","Büker 2025"
"10.1186/s12894-025-02033-w","Değer 2026","10.1038/s41443-025-01098-3","Kayra 2025"
"10.1007/s40368-025-01012-x","Dermata 2025","10.3390/healthcare11060887","Sallam 2023"
"10.1186/s12911-025-03035-2","DeTemple 2025","10.1016/j.jvir.2023.05.037","McCarthy 2023"
"10.1186/s12911-025-03035-2","DeTemple 2025","10.1080/08164622.2023.2298812","Yılmaz 2024"
"10.1186/s12911-025-03035-2","DeTemple 2025","10.1097/md.0000000000038352","Arça 2024"
"10.1186/s12911-025-03035-2","DeTemple 2025","10.3390/diseases12080185","Acharya 2024"
"10.1186/s12911-025-03035-2","DeTemple 2025","10.1097/md.0000000000039305","Hancı 2024"
"10.1186/s12911-025-03035-2","DeTemple 2025","10.1186/s12894-024-01570-0","Alasker 2024"
"10.1186/s12911-025-03035-2","DeTemple 2025","10.2196/60291","Yau 2024"
"10.1186/s12911-025-03035-2","DeTemple 2025","10.1136/bmjophth-2024-001824","Azzopardi 2024"
"10.1186/s12911-025-03035-2","DeTemple 2025","10.3390/jcm13216512","Reyhan 2024"
"10.1186/s12911-025-03035-2","DeTemple 2025","10.1111/edt.13020","Güven 2024"
"10.1186/s12911-025-03035-2","DeTemple 2025","10.1007/s12020-024-04121-7","Güneşli 2024"
"10.1186/s12911-025-03035-2","DeTemple 2025","10.1097/ico.0000000000003747","Nichani 2024"
"10.1186/s12911-025-03035-2","DeTemple 2025","10.1016/j.yebeh.2024.110193","Silva 2024"
"10.1186/s12911-025-03035-2","DeTemple 2025","10.1016/j.jposna.2024.100135","Nian 2024"
"10.1186/s12911-025-03035-2","DeTemple 2025","10.3748/wjg.v31.i3.101092","Li 2024"
"10.1186/s12911-025-03035-2","DeTemple 2025","10.1097/bpo.0000000000002890","Nian 2025"
"10.1111/ans.70198","Dinçer 2025","10.1016/j.arthro.2024.08.036","Özbek 2024"
"10.1590/1678-7757-2025-0321","Dufey-Portilla 2025","10.11607/prd.6925","Battista 2023"
"10.1016/j.puhe.2025.105876","Dyda 2025","10.1016/j.iotcps.2023.04.003","Ray 2023"
"10.1016/j.puhe.2025.105876","Dyda 2025","10.1080/17538068.2023.2277489","Dunn 2023"
"10.3389/fpubh.2026.1755672","Feng 2026","10.3389/fpubh.2025.1689911","Du 2025"
"10.2196/79850","Feng 2025","10.1016/j.jad.2022.09.028","Martinengo 2022"
"10.2196/79850","Feng 2025","10.1186/s12912-023-01243-7","Tawfik 2023"
"10.2196/79850","Feng 2025","10.2196/39934","Matheson 2023"
"10.2196/79850","Feng 2025","10.2196/47960","Karkosz 2023"
"10.2196/79850","Feng 2025","10.1192/bjo.2023.573","Selaskowski 2023"
"10.2196/79850","Feng 2025","10.2196/50132","Hauser-Ulrich 2023"
"10.2196/79850","Feng 2025","10.1038/s41746-023-00979-5","Li 2023"
"10.2196/79850","Feng 2025","10.2196/50454","Schillings 2024"
"10.2196/79850","Feng 2025","10.2196/51716","Chan 2024"
"10.2196/79850","Feng 2025","10.1038/s44184-024-00097-4","Siddals 2024"
"10.1111/jsr.14210","Garbarino 2024","10.2196/55762","Bragazzi 2024"
"10.3390/healthcare11182518","Valencia 2023","10.3390/jpm13091363","Valencia 2023"
"10.1093/ced/llae119","Göktaş 2024","10.1016/j.jaip.2023.05.042","Göktaş 2023"
"10.1093/ced/llae119","Göktaş 2024","10.1016/j.jaad.2023.05.088","Chen 2023"
"10.1093/ced/llae119","Göktaş 2024","10.2196/49324","Wilhelm 2023"
"10.1007/s00345-025-06019-z","Goudrar 2025","10.1016/j.urology.2023.07.010","Whiles 2023"
"10.1007/s00345-025-06019-z","Goudrar 2025","10.1007/s00345-023-04563-0","Szczesniewski 2023"
"10.1007/s00345-025-06019-z","Goudrar 2025","10.1016/j.urology.2023.11.042","Halawani 2024"
"10.1007/s00345-025-06019-z","Goudrar 2025","10.1089/end.2023.0571","Javid 2024"
"10.1007/s00345-025-06019-z","Goudrar 2025","10.1089/end.2023.0484","Musheyev 2024"
"10.1007/s00345-025-06019-z","Goudrar 2025","10.1136/bmjophth-2024-001824","Azzopardi 2024"
"10.2196/63677","Grilo 2025","10.2196/47479","Walker 2023"
"10.2196/63677","Grilo 2025","10.1007/s00345-023-04563-0","Szczesniewski 2023"
"10.2196/63677","Grilo 2025","10.3389/fonc.2023.1256459","Kuşçu 2023"
"10.1177/14799731261443321","Güçsav 2026","10.3390/healthcare11060887","Sallam 2023"
"10.1177/14799731261443321","Güçsav 2026","10.1093/pubmed/fdad219","Høj 2023"
"10.1097/md.0000000000038009","Gül 2024","10.1016/j.jvir.2023.05.037","McCarthy 2023"
"10.1097/md.0000000000038009","Gül 2024","10.1016/j.eururo.2023.07.004","Musheyev 2023"
"10.1097/md.0000000000038009","Gül 2024","10.1007/s00345-023-04563-0","Szczesniewski 2023"
"10.1016/j.fjurol.2025.103062","Gümüş 2025","10.2196/47479","Walker 2023"
"10.1016/j.fjurol.2025.103062","Gümüş 2025","10.1016/j.eururo.2023.07.004","Musheyev 2023"
"10.1016/j.fjurol.2025.103062","Gümüş 2025","10.1007/s10916-024-02056-0","Şahin 2024"
"10.1111/edt.13020","Güven 2024","10.1016/j.jormas.2023.101471","Balel 2023"
"10.1111/edt.13020","Güven 2024","10.1001/jamaoncol.2023.2947","Pan 2023"
"10.1111/edt.13020","Güven 2024","10.1007/s00464-024-10739-5","Ghanem 2024"
"10.1111/edt.13020","Güven 2024","10.3390/biomedinformatics4010047","Chow 2024"
"10.1111/edt.13020","Güven 2024","10.6004/jnccn.2023.7334","Abreu 2024"
"10.1097/md.0000000000039305","Hancı 2024","10.1016/j.jvir.2023.05.037","McCarthy 2023"
"10.1097/md.0000000000039305","Hancı 2024","10.2196/47479","Walker 2023"
"10.1097/md.0000000000039305","Hancı 2024","10.1016/j.eururo.2023.07.004","Musheyev 2023"
"10.1097/md.0000000000039305","Hancı 2024","10.1097/bsd.0000000000001582","Nian 2024"
"10.1097/md.0000000000039305","Hancı 2024","10.1080/08820538.2024.2326058","Cohen 2024"
"10.1097/md.0000000000039305","Hancı 2024","10.1097/md.0000000000038009","Gül 2024"
"10.1097/md.0000000000039305","Hancı 2024","10.1097/md.0000000000038352","Arça 2024"
"10.1097/md.0000000000039305","Hancı 2024","10.1053/j.jfas.2024.06.009","Casciato 2024"
"10.2196/43227","Han 2023","10.2196/32578","Chew 2022"
"10.1111/dar.70068","Harding 2025","10.2196/40789","Aggarwal 2023"
"10.1111/dar.70068","Harding 2025","10.2196/43165","Monteiro 2023"
"10.1111/dar.70068","Harding 2025","10.3390/healthcare11060887","Sallam 2023"
"10.1111/dar.70068","Harding 2025","10.2196/43227","Han 2023"
"10.1111/dar.70068","Harding 2025","10.1145/3544548.3581503","Jo 2023"
"10.1111/dar.70068","Harding 2025","10.1080/17538068.2023.2277489","Dunn 2023"
"10.1111/dar.70068","Harding 2025","10.2196/56930","Laymouna 2024"
"10.1080/02770903.2025.2495729","Høj 2025","10.1093/pubmed/fdad219","Høj 2023"
"10.1177/20552076251411287","Hou 2026","10.2196/37882","Mash 2022"
"10.1177/20552076251411287","Hou 2026","10.1186/s12912-023-01243-7","Tawfik 2023"
"10.1177/20552076251411287","Hou 2026","10.3389/fdgth.2023.1149374","Bruijnes 2023"
"10.1177/20552076251411287","Hou 2026","10.2196/47217","Xue 2023"
"10.1177/20552076251411287","Hou 2026","10.2196/50132","Hauser-Ulrich 2023"
"10.1177/20552076251411287","Hou 2026","10.1016/j.euros.2024.08.022","Baumgärtner 2024"
"10.1177/20552076251411287","Hou 2026","10.2196/64406","Chow 2024"
"10.1177/20552076251411287","Hou 2026","10.3390/info16070549","Chow 2025"
"10.2196/74299","Ho 2025","10.2196/43068","Fournier-Tombs 2023"
"10.2196/74299","Ho 2025","10.1177/20552076231183542","Coghlan 2023"
"10.2196/74299","Ho 2025","10.3390/info16010011","Manole 2024"
"10.2196/48966","Hristidis 2023","10.3390/healthcare11060887","Sallam 2023"
"10.2196/48966","Hristidis 2023","10.1016/j.iotcps.2023.04.003","Ray 2023"
"10.2196/85475","Huang 2026","10.2196/40789","Aggarwal 2023"
"10.2196/85475","Huang 2026","10.1186/s12912-023-01243-7","Tawfik 2023"
"10.2196/85475","Huang 2026","10.3390/diseases12080185","Acharya 2024"
"10.1002/wps.21352","Hua 2025","10.1038/s41746-022-00560-6","Parmar 2022"
"10.1002/wps.21352","Hua 2025","10.1002/eat.23798","Shah 2022"
"10.1002/wps.21352","Hua 2025","10.2196/39934","Matheson 2023"
"10.1002/wps.21352","Hua 2025","10.2196/45894","Han 2023"
"10.1002/wps.21352","Hua 2025","10.1007/s41347-023-00315-4","Sanabria 2023"
"10.1002/wps.21352","Hua 2025","10.1016/j.apmr.2023.04.023","Brinsley 2023"
"10.1002/wps.21352","Hua 2025","10.2196/47960","Karkosz 2023"
"10.1002/wps.21352","Hua 2025","10.1192/bjo.2023.573","Selaskowski 2023"
"10.1002/wps.21352","Hua 2025","10.1038/s41746-023-00979-5","Li 2023"
"10.1002/wps.21352","Hua 2025","10.3390/healthcare12010062","Rodríguez-Martínez 2023"
"10.1002/wps.21352","Hua 2025","10.1109/access.2023.3348783","Abilkaiyrkyzy 2024"
"10.1002/wps.21352","Hua 2025","10.3389/fpsyt.2023.1277756","Dergaa 2024"
"10.1002/wps.21352","Hua 2025","10.2196/49462","Chou 2024"
"10.1002/wps.21352","Hua 2025","10.2196/50454","Schillings 2024"
"10.1002/wps.21352","Hua 2025","10.1080/0144929x.2024.2332934","Boian 2024"
"10.1002/wps.21352","Hua 2025","10.1002/capr.12759","Maurya 2024"
"10.1002/wps.21352","Hua 2025","10.2196/48129","Zsoldos 2024"
"10.1002/wps.21352","Hua 2025","10.1002/eat.24260","Fitzsimmons‐Craft 2024"
"10.1002/wps.21352","Hua 2025","10.1089/cyber.2024.0199","Yeo 2024"
"10.1002/wps.21352","Hua 2025","10.1038/s44184-024-00097-4","Siddals 2024"
"10.1002/wps.21352","Hua 2025","10.2196/53829","Foran 2024"
"10.1002/wps.21352","Hua 2025","10.1007/s12144-025-07359-0","Yeh 2025"
"10.1177/20552076261451390","Hui 2026","10.1016/j.pec.2021.09.027","Siglen 2021"
"10.1177/20552076261451390","Hui 2026","10.1186/s12912-023-01243-7","Tawfik 2023"
"10.1177/20552076261451390","Hui 2026","10.2147/ijgm.s408208","Wang 2023"
"10.1177/20552076261451390","Hui 2026","10.2196/56628","Hindelang 2024"
"10.1177/20552076261451390","Hui 2026","10.3390/jpm14080877","Goumas 2024"
"10.1177/20552076261451390","Hui 2026","10.1016/j.ijrobp.2024.12.012","Lee 2024"
"10.1177/20552076261451390","Hui 2026","10.1007/s00520-024-09096-9","Lin 2024"
"10.1177/20552076261451390","Hui 2026","10.2196/69115","Wolff 2025"
"10.1177/20552076261451390","Hui 2026","10.2196/68426","Boie 2025"
"10.1177/20552076261451390","Hui 2026","10.1002/jgc4.70119","Siglen 2025"
"10.1080/0886022x.2025.2555686","Hu 2025","10.1136/openhrt-2023-002455","Lautrup 2023"
"10.1080/0886022x.2025.2555686","Hu 2025","10.2196/53225","Sezgın 2024"
"10.1080/0886022x.2025.2555686","Hu 2025","10.1136/bmjhci-2023-100985","Lin 2024"
"10.1080/0886022x.2025.2555686","Hu 2025","10.1609/hcomp.v12i1.31597","Bo 2024"
"10.1080/0886022x.2025.2555686","Hu 2025","10.1053/j.jrn.2025.01.004","Bingöl 2025"
"10.1136/bmjopen-2025-103857","Hu 2025","10.1038/s41746-023-00843-6","Lee 2023"
"10.1186/s40900-025-00804-1","Jaiswal 2025","10.1038/s41746-022-00560-6","Parmar 2022"
"10.1186/s40900-025-00804-1","Jaiswal 2025","10.2196/40789","Aggarwal 2023"
"10.1186/s40900-025-00804-1","Jaiswal 2025","10.2196/54668","Ma 2023"
"10.1186/s40900-025-00804-1","Jaiswal 2025","10.1371/journal.pdig.0000492","Nadarzynski 2024"
"10.2196/76968","Jiang 2025","10.2196/38525","Kocaballı 2022"
"10.2196/76968","Jiang 2025","10.2196/40789","Aggarwal 2023"
"10.2196/76968","Jiang 2025","10.1186/s12912-023-01243-7","Tawfik 2023"
"10.2196/76968","Jiang 2025","10.2196/42238","Noh 2023"
"10.2196/76968","Jiang 2025","10.2147/ijgm.s408208","Wang 2023"
"10.2196/76968","Jiang 2025","10.2196/48168","Jabir 2023"
"10.2196/76968","Jiang 2025","10.7759/cureus.58936","Sharma 2024"
"10.2196/76968","Jiang 2025","10.3390/jpm14080877","Goumas 2024"
"10.2196/76968","Jiang 2025","10.1016/j.euros.2024.08.022","Baumgärtner 2024"
"10.2196/76968","Jiang 2025","10.2196/64406","Chow 2024"
"10.2196/76968","Jiang 2025","10.2196/49387","MacNeill 2024"
"10.2196/76968","Jiang 2025","10.2196/60380","Wu 2024"
"10.2196/76968","Jiang 2025","10.1016/j.ijrobp.2024.12.012","Lee 2024"
"10.2196/76968","Jiang 2025","10.1002/ejp.70016","Souza 2025"
"10.1111/edt.13000","Johnson 2024","10.2196/47479","Walker 2023"
"10.1093/bjd/ljae377","Kamminga 2024","10.2196/47479","Walker 2023"
"10.1093/bjd/ljae377","Kamminga 2024","10.1016/j.urology.2023.07.010","Whiles 2023"
"10.1093/bjd/ljae377","Kamminga 2024","10.1017/s1049023x23006568","Birkun 2023"
"10.1590/1806-9282.20250809","Kaya 2025","10.3389/fdgth.2023.1161098","Yeung 2023"
"10.1590/1806-9282.20250809","Kaya 2025","10.1186/s12911-024-02619-8","Dursun 2024"
"10.1590/1806-9282.20250809","Kaya 2025","10.1177/14604582251315587","Yoo 2025"
"10.1590/1806-9282.20250809","Kaya 2025","10.2196/63677","Grilo 2025"
"10.1038/s41443-025-01098-3","Kayra 2025","10.2196/47479","Walker 2023"
"10.1038/s41443-025-01098-3","Kayra 2025","10.1016/j.urology.2023.07.010","Whiles 2023"
"10.1038/s41443-025-01098-3","Kayra 2025","10.1016/j.eururo.2023.07.004","Musheyev 2023"
"10.1038/s41443-025-01098-3","Kayra 2025","10.1007/s10916-024-02056-0","Şahin 2024"
"10.1097/mou.0000000000001280","Khawaja 2025","10.2196/29969","Wang 2022"
"10.1097/mou.0000000000001280","Khawaja 2025","10.1089/end.2023.0571","Javid 2024"
"10.5213/inj.2651122.061","Kim 2026","10.2196/55939","Gibson 2024"
"10.5213/inj.2651122.061","Kim 2026","10.2196/56628","Hindelang 2024"
"10.5213/inj.2651122.061","Kim 2026","10.1016/j.euros.2024.08.022","Baumgärtner 2024"
"10.5213/inj.2651122.061","Kim 2026","10.2196/58831","Armbruster 2024"
"10.5213/inj.2651122.061","Kim 2026","10.1111/bju.16676","Carl 2025"
"10.5213/inj.2651122.061","Kim 2026","10.1097/mou.0000000000001280","Khawaja 2025"
"10.5213/inj.2651122.061","Kim 2026","10.1177/17562872261441968","Cerrato 2026"
"10.7759/cureus.106411","Kumar 2026","10.1111/nep.14239","Cheng 2023"
"10.1111/jep.70304","Kofos 2025","10.1016/j.jormas.2023.101757","Yurdakurban 2023"
"10.1111/jep.70304","Kofos 2025","10.1186/s12911-024-02619-8","Dursun 2024"
"10.1111/jep.70304","Kofos 2025","10.1038/s41598-025-94576-z","Terzi 2025"
"10.2196/88365","Krenn 2026","10.1080/08164622.2023.2298812","Yılmaz 2024"
"10.2196/88365","Krenn 2026","10.6004/jnccn.2023.7334","Abreu 2024"
"10.2196/88365","Krenn 2026","10.2196/67143","Eisinger 2024"
"10.2196/88365","Krenn 2026","10.1016/j.transproceed.2024.12.028","Zhan 2025"
"10.2196/88365","Krenn 2026","10.1177/14604582251315587","Yoo 2025"
"10.2196/88365","Krenn 2026","10.1007/s10916-025-02178-z","Yıldız 2025"
"10.1016/j.amjoto.2025.104710","Kring 2025","10.1007/s00464-024-10739-5","Ghanem 2024"
"10.1016/j.amjoto.2025.104710","Kring 2025","10.2196/56930","Laymouna 2024"
"10.1016/j.amjoto.2025.104710","Kring 2025","10.1097/md.0000000000038352","Arça 2024"
"10.1016/j.amjoto.2025.104710","Kring 2025","10.1001/jamanetworkopen.2024.22275","Musheyev 2024"
"10.1016/j.amjoto.2025.104710","Kring 2025","10.2196/68560","Yun 2025"
"10.1080/07853890.2024.2302980","Kurniawan 2024","10.2196/40789","Aggarwal 2023"
"10.1080/07853890.2024.2302980","Kurniawan 2024","10.1186/s12912-023-01243-7","Tawfik 2023"
"10.2196/84251","Kutbi 2025","10.1016/j.iotcps.2023.04.003","Ray 2023"
"10.2196/84251","Kutbi 2025","10.1001/jamaoncol.2023.2947","Pan 2023"
"10.2196/84251","Kutbi 2025","10.1186/s12911-024-02619-8","Dursun 2024"
"10.3233/shti240809","Larbi 2024","10.2196/38500","Wlasak 2022"
"10.1007/s13187-025-02592-4","McLean 2025","10.2147/ijgm.s408208","Wang 2023"
"10.1007/s13187-025-02592-4","McLean 2025","10.2196/47479","Walker 2023"
"10.1007/s13187-025-02592-4","McLean 2025","10.1001/jamaoncol.2023.2947","Pan 2023"
"10.1007/s13187-025-02592-4","McLean 2025","10.2196/47551","Li 2023"
"10.1007/s13187-025-02592-4","McLean 2025","10.3389/fpubh.2024.1310437","Morita 2024"
"10.1007/s13187-025-02592-4","McLean 2025","10.1016/j.cmpb.2024.108302","Lee 2024"
"10.1007/s13187-025-02592-4","McLean 2025","10.1001/jamanetworkopen.2024.22275","Musheyev 2024"
"10.1007/s13187-025-02592-4","McLean 2025","10.3390/jpm14080877","Goumas 2024"
"10.1007/s13187-025-02592-4","McLean 2025","10.1007/978-3-031-74186-9_3","Bao 2024"
"10.1007/s13187-025-02592-4","McLean 2025","10.1016/j.ijrobp.2024.12.012","Lee 2024"
"10.1007/s13187-025-02592-4","McLean 2025","10.1007/s00520-024-09096-9","Lin 2024"
"10.2196/56930","Laymouna 2024","10.2196/29289","Ritchie 2021"
"10.2196/56930","Laymouna 2024","10.2196/32578","Chew 2022"
"10.2196/56930","Laymouna 2024","10.1016/j.health.2022.100072","Montenegro 2022"
"10.2196/56930","Laymouna 2024","10.2196/37403","Shan 2022"
"10.2196/56930","Laymouna 2024","10.11124/jbies-22-00025","Hocking 2022"
"10.2196/56930","Laymouna 2024","10.1002/eat.23798","Shah 2022"
"10.2196/56930","Laymouna 2024","10.2196/38740","Dhinagaran 2022"
"10.2196/56930","Laymouna 2024","10.1016/j.jad.2022.09.028","Martinengo 2022"
"10.2196/56930","Laymouna 2024","10.2196/41583","Denecke 2022"
"10.2196/56930","Laymouna 2024","10.1007/s10916-022-01903-2","Montenegro 2023"
"10.2196/56930","Laymouna 2024","10.1071/py22045","Chow 2023"
"10.2196/56930","Laymouna 2024","10.3389/fpubh.2023.1063466","Yang 2023"
"10.2196/56930","Laymouna 2024","10.2196/40789","Aggarwal 2023"
"10.2196/56930","Laymouna 2024","10.2196/39934","Matheson 2023"
"10.2196/56930","Laymouna 2024","10.2196/42238","Noh 2023"
"10.2196/56930","Laymouna 2024","10.2147/ijgm.s408208","Wang 2023"
"10.2196/56930","Laymouna 2024","10.1016/j.apmr.2023.04.023","Brinsley 2023"
"10.2196/56930","Laymouna 2024","10.1038/s41746-023-00843-6","Lee 2023"
"10.2196/56930","Laymouna 2024","10.1177/09564624231180777","Nadarzynski 2023"
"10.2196/56930","Laymouna 2024","10.3389/fdgth.2023.1149374","Bruijnes 2023"
"10.2196/56930","Laymouna 2024","10.1093/tbm/ibad041","Fabian 2023"
"10.2196/56930","Laymouna 2024","10.1097/phh.0000000000001781","Mane 2023"
"10.2196/56930","Laymouna 2024","10.2196/42758","Passanante 2023"
"10.2196/56930","Laymouna 2024","10.1111/nep.14239","Cheng 2023"
"10.2196/56930","Laymouna 2024","10.1200/cci.23.00123","Webster 2023"
"10.1002/ohn.807","Lechien 2024","10.1007/s00405-023-08104-8","Chiesa‐Estomba 2023"
"10.1002/ohn.807","Lechien 2024","10.1080/00016489.2023.2254809","Nielsen 2023"
"10.1002/ohn.807","Lechien 2024","10.1089/thy.2023.0491","Campbell 2023"
"10.1002/ohn.807","Lechien 2024","10.3389/fonc.2023.1256459","Kuşçu 2023"
"10.1002/ohn.807","Lechien 2024","10.1002/lary.31243","Lee 2023"
"10.1002/ohn.807","Lechien 2024","10.1007/s00405-024-08560-w","Lechien 2024"
"10.1136/bmjhci-2023-100985","Lin 2024","10.2196/40789","Aggarwal 2023"
"10.1136/bmjhci-2023-100985","Lin 2024","10.3390/healthcare11182518","Valencia 2023"
"10.1007/s00520-024-09096-9","Lin 2024","10.1016/j.pec.2021.09.027","Siglen 2021"
"10.1007/s00520-024-09096-9","Lin 2024","10.2196/29289","Ritchie 2021"
"10.1007/s00520-024-09096-9","Lin 2024","10.1186/s12912-023-01243-7","Tawfik 2023"
"10.1007/s00520-024-09096-9","Lin 2024","10.1038/s41746-024-01074-z","Abbasian 2024"
"10.1007/s00520-024-09096-9","Lin 2024","10.1016/j.pec.2024.108557","Su 2024"
"10.3389/fmed.2025.1741888","Lin 2026","10.1093/schbul/sbad128","Østergaard 2023"
"10.3389/fmed.2025.1741888","Lin 2026","10.1080/08820538.2024.2326058","Cohen 2024"
"10.3389/fmed.2025.1741888","Lin 2026","10.1016/j.heliyon.2024.e34391","Shi 2024"
"10.1007/s00266-023-03709-0","Liu 2023","10.1093/asj/sjad140","Seth 2023"
"10.1007/s00266-023-03709-0","Liu 2023","10.1007/s00266-023-03416-w","Buzzaccarini 2023"
"10.1016/j.ijmedinf.2025.106164","Liu 2025","10.2196/47479","Walker 2023"
"10.1016/j.ijmedinf.2025.106164","Liu 2025","10.2196/62857","Yan 2025"
"10.1016/j.ijmedinf.2025.106164","Liu 2025","10.1097/md.0000000000041780","Özduran 2025"
"10.1016/j.ijmedinf.2025.106164","Liu 2025","10.1080/02770903.2025.2495729","Høj 2025"
"10.1016/j.ijmedinf.2025.106164","Liu 2025","10.5435/jaaos-d-24-01274","Ramlawi 2025"
"10.2196/73185","Liu 2025","10.1016/j.eururo.2023.07.004","Musheyev 2023"
"10.2196/73185","Liu 2025","10.1001/jamaoncol.2023.2947","Pan 2023"
"10.2196/73185","Liu 2025","10.1007/s00345-023-04563-0","Szczesniewski 2023"
"10.2147/dmso.s541515","Li 2025","10.2196/60380","Wu 2024"
"10.1111/jocn.70020","Li 2025","10.1186/s12912-023-01243-7","Tawfik 2023"
"10.1111/jocn.70020","Li 2025","10.2147/ijgm.s408208","Wang 2023"
"10.1111/jocn.70020","Li 2025","10.2196/47551","Li 2023"
"10.1111/jocn.70020","Li 2025","10.2196/47134","Jiang 2023"
"10.1111/jocn.70020","Li 2025","10.2196/56930","Laymouna 2024"
"10.2196/72637","Li 2025","10.1038/s41746-023-00843-6","Lee 2023"
"10.2196/72637","Li 2025","10.3390/vaccines12070708","Li 2024"
"10.3390/children12030359","Mansoor 2025","10.1038/s41746-023-00979-5","Li 2023"
"10.3390/children12030359","Mansoor 2025","10.1038/s41746-024-01072-1","Balan 2024"
"10.3390/children12030359","Mansoor 2025","10.1101/2024.11.25.24317880","Fujita 2024"
"10.5435/jaaos-d-24-00249","Mastrokostas 2025","10.1016/j.jhsa.2023.10.019","Christy 2023"
"10.1016/j.ajodo.2025.04.008","Metin 2025","10.1016/j.jormas.2023.101471","Balel 2023"
"10.1016/j.ajodo.2025.04.008","Metin 2025","10.1111/edt.13020","Güven 2024"
"10.1111/1756-185x.70676","Mirza 2026","10.1097/md.0000000000039305","Hancı 2024"
"10.1111/1756-185x.70676","Mirza 2026","10.1097/md.0000000000041780","Özduran 2025"
"10.1097/icu.0000000000001036","Momenaei 2024","10.1111/opo.13207","Biswas 2023"
"10.1097/icu.0000000000001036","Momenaei 2024","10.1016/j.xops.2023.100394","Tan 2023"
"10.1016/j.amjsurg.2026.116859","Moreno 2026","10.1001/jamaoncol.2023.2947","Pan 2023"
"10.1016/j.amjsurg.2026.116859","Moreno 2026","10.1089/thy.2023.0491","Campbell 2023"
"10.1016/j.amjsurg.2026.116859","Moreno 2026","10.1016/j.japh.2024.102110","Cornelison 2024"
"10.1016/j.amjsurg.2026.116859","Moreno 2026","10.2196/60291","Yau 2024"
"10.1016/j.amjsurg.2026.116859","Moreno 2026","10.1136/ard-2024-226202","Scaff 2024"
"10.1016/j.amjsurg.2026.116859","Moreno 2026","10.2196/58831","Armbruster 2024"
"10.4055/cios23181","Morya 2024","10.1016/j.iotcps.2023.04.003","Ray 2023"
"10.1016/j.identj.2026.109556","Naik 2026","10.3389/fpubh.2025.1530799","Wah 2025"
"10.1016/j.identj.2026.109556","Naik 2026","10.1186/s12909-025-08462-3","Tbaishat 2025"
"10.1097/bpo.0000000000002890","Nian 2025","10.55275/jposna-2023-762","Zusman 2023"
"10.1097/bpo.0000000000002890","Nian 2025","10.1097/bsd.0000000000001582","Nian 2024"
"10.1097/bpo.0000000000002890","Nian 2025","10.1097/bpo.0000000000002681","Adelstein 2024"
"10.2196/70176","Nishisako 2025","10.1093/eurjcn/zvad038","Bulck 2023"
"10.2196/70176","Nishisako 2025","10.2147/ijgm.s408208","Wang 2023"
"10.2196/70176","Nishisako 2025","10.2196/48966","Hristidis 2023"
"10.2196/70176","Nishisako 2025","10.3389/fonc.2023.1256459","Kuşçu 2023"
"10.2196/70176","Nishisako 2025","10.5220/0012427100003645","Harel 2024"
"10.1515/almed-2025-0080","Niu 2025","10.3390/healthcare11060887","Sallam 2023"
"10.1515/almed-2025-0080","Niu 2025","10.2196/47564","Shahsavar 2023"
"10.1515/almed-2025-0080","Niu 2025","10.2196/48966","Hristidis 2023"
"10.1515/almed-2025-0080","Niu 2025","10.3748/wjg.v31.i3.101092","Li 2024"
"10.1071/pu24001","Nutbeam 2025","10.1038/s41746-022-00560-6","Parmar 2022"
"10.1071/pu24001","Nutbeam 2025","10.2196/40789","Aggarwal 2023"
"10.1016/j.ijmedinf.2024.105562","Olszewski 2024","10.1016/j.cpcardiol.2023.102048","Birkun 2023"
"10.1016/j.ijmedinf.2024.105562","Olszewski 2024","10.1111/jsr.14210","Garbarino 2024"
"10.1097/md.0000000000038352","Arça 2024","10.2196/48966","Hristidis 2023"
"10.1097/md.0000000000038352","Arça 2024","10.1016/j.eururo.2023.07.004","Musheyev 2023"
"10.1097/md.0000000000038352","Arça 2024","10.1001/jamaoncol.2023.2947","Pan 2023"
"10.1097/md.0000000000038352","Arça 2024","10.1080/08164622.2023.2298812","Yılmaz 2024"
"10.1097/md.0000000000038352","Arça 2024","10.1016/j.jaad.2024.01.037","Robinson 2024"
"10.1177/08901171251316371","Owens 2025","10.2196/47479","Walker 2023"
"10.1177/08901171251316371","Owens 2025","10.2196/48966","Hristidis 2023"
"10.1177/08901171251316371","Owens 2025","10.1016/j.urology.2023.07.010","Whiles 2023"
"10.1177/08901171251316371","Owens 2025","10.1016/j.eururo.2023.07.004","Musheyev 2023"
"10.1177/08901171251316371","Owens 2025","10.1001/jamaoncol.2023.2947","Pan 2023"
"10.1177/08901171251316371","Owens 2025","10.1080/10447318.2024.2376808","Fetrati 2024"
"10.1177/08901171251316371","Owens 2025","10.1186/s12894-024-01570-0","Alasker 2024"
"10.1186/s12903-025-06267-w","Özcivelek 2025","10.1016/j.jormas.2023.101757","Yurdakurban 2023"
"10.1186/s12903-025-06267-w","Özcivelek 2025","10.1186/s12911-024-02619-8","Dursun 2024"
"10.1186/s12903-025-06267-w","Özcivelek 2025","10.1111/edt.13020","Güven 2024"
"10.1186/s12903-025-06267-w","Özcivelek 2025","10.1016/j.prosdent.2024.12.016","Taymour 2025"
"10.1186/s12903-025-06267-w","Özcivelek 2025","10.1016/j.oooo.2025.01.001","Helvacıoğlu-Yiğit 2025"
"10.1016/j.pec.2026.109594","Ozturk 2026","10.1007/s11042-022-12820-4","Hsu 2022"
"10.2196/42758","Passanante 2023","10.1038/s41746-022-00560-6","Parmar 2022"
"10.2196/42758","Passanante 2023","10.1016/j.vaccine.2022.04.056","Krupp 2022"
"10.23736/s0390-5616.26.06678-6","PATEL 2026","10.1016/j.bas.2024.102804","Lang 2024"
"10.23736/s0390-5616.26.06678-6","PATEL 2026","10.14245/ns.2448098.049","Lang 2024"
"10.23736/s0390-5616.26.06678-6","PATEL 2026","10.1007/s43390-024-00955-3","Lang 2024"
"10.23736/s0390-5616.26.06678-6","PATEL 2026","10.2196/74299","Ho 2025"
"10.23736/s0390-5616.26.06678-6","PATEL 2026","10.1177/21925682251360655","Hernandez 2025"
"10.5543/tkda.2024.78131","Pay 2025","10.1093/europace/euad369","Hillmann 2023"
"10.2196/72309","Peerbolte 2025","10.1186/s12912-023-01243-7","Tawfik 2023"
"10.2196/72309","Peerbolte 2025","10.2196/43236","Sakane 2023"
"10.2196/72309","Peerbolte 2025","10.3389/fdgth.2023.1149374","Bruijnes 2023"
"10.2196/72309","Peerbolte 2025","10.1111/nep.14239","Cheng 2023"
"10.2196/72309","Peerbolte 2025","10.2196/47134","Jiang 2023"
"10.2196/72309","Peerbolte 2025","10.2196/50132","Hauser-Ulrich 2023"
"10.2196/72309","Peerbolte 2025","10.1080/07853890.2024.2302980","Kurniawan 2024"
"10.2196/35573","Phiri 2022","10.2196/37882","Mash 2022"
"10.1177/00031348251391854","Raghavan 2025","10.1093/asj/sjad140","Seth 2023"
"10.1016/j.jfludis.2026.106223","Jokar 2026","10.1016/j.chipro.2025.100167","Nguyen 2025"
"10.1016/j.jfludis.2026.106223","Jokar 2026","10.1016/j.jfludis.2025.106149","Saeedi 2025"
"10.1093/oodh/oqag001","rasoli 2026","10.1016/j.health.2022.100072","Montenegro 2022"
"10.1093/oodh/oqag001","rasoli 2026","10.2196/40789","Aggarwal 2023"
"10.1093/oodh/oqag001","rasoli 2026","10.30630/joiv.7.1.1595","Rahmatulloh 2023"
"10.1093/oodh/oqag001","rasoli 2026","10.2196/56807","Rivera 2024"
"10.1177/03331024251372117","Romozzi 2025","10.3390/healthcare11060887","Sallam 2023"
"10.1177/03331024251372117","Romozzi 2025","10.2196/56930","Laymouna 2024"
"10.1177/03331024251372117","Romozzi 2025","10.2196/56628","Hindelang 2024"
"10.1177/03331024251372117","Romozzi 2025","10.1371/journal.pone.0300487","Chiu 2025"
"10.3390/jpm14121165","Sabaner 2024","10.2196/47551","Li 2023"
"10.3390/jpm14121165","Sabaner 2024","10.1016/j.jsurg.2023.11.019","Singer 2023"
"10.3390/jpm14121165","Sabaner 2024","10.1080/08164622.2023.2298812","Yılmaz 2024"
"10.3390/jpm14121165","Sabaner 2024","10.1111/opo.13284","Biswas 2024"
"10.3390/jpm14121165","Sabaner 2024","10.1080/08820538.2024.2326058","Cohen 2024"
"10.3390/jpm14121165","Sabaner 2024","10.3390/children11060750","Engin 2024"
"10.3390/jpm14121165","Sabaner 2024","10.1177/11206721241272251","Ahmed 2024"
"10.3390/jpm14121165","Sabaner 2024","10.3390/jpm14080877","Goumas 2024"
"10.1016/j.adaj.2025.08.003","Kumar 2025","10.3389/fonc.2023.1256459","Kuşçu 2023"
"10.1016/j.adaj.2025.08.003","Kumar 2025","10.1016/j.jormas.2023.101757","Yurdakurban 2023"
"10.1016/j.adaj.2025.08.003","Kumar 2025","10.4055/cios23181","Morya 2024"
"10.1016/j.adaj.2025.08.003","Kumar 2025","10.1186/s12911-024-02619-8","Dursun 2024"
"10.1007/s00784-025-06356-8","Santonocito 2025","10.2196/32578","Chew 2022"
"10.1007/s00784-025-06356-8","Santonocito 2025","10.2196/40789","Aggarwal 2023"
"10.1007/s00784-025-06356-8","Santonocito 2025","10.2196/53225","Sezgın 2024"
"10.2147/jmdh.s581251","Sawesi 2026","10.1177/20552076231183542","Coghlan 2023"
"10.2147/jmdh.s581251","Sawesi 2026","10.2196/69709","Scholich 2025"
"10.2147/jmdh.s581251","Sawesi 2026","10.2196/67365","Campellone 2025"
"10.2147/jmdh.s581251","Sawesi 2026","10.3390/healthcare13212721","Ohu 2025"
"10.2147/jmdh.s581251","Sawesi 2026","10.2196/79838","Sobowale 2025"
"10.2147/jmdh.s581251","Sawesi 2026","10.1093/trstmh/traf143","Humphries 2025"
"10.2196/69709","Scholich 2025","10.24251/hicss.2022.258","Xie 2022"
"10.2196/69709","Scholich 2025","10.1038/s44184-023-00047-6","Maples 2024"
"10.2196/69709","Scholich 2025","10.2196/56930","Laymouna 2024"
"10.2196/69709","Scholich 2025","10.2196/62963","Golden 2024"
"10.7759/cureus.58936","Sharma 2024","10.1093/eurjcn/zvad038","Bulck 2023"
"10.7759/cureus.58936","Sharma 2024","10.3390/healthcare11182518","Valencia 2023"
"10.1111/codi.17267","Siu 2024","10.2196/47479","Walker 2023"
"10.1111/codi.17267","Siu 2024","10.2196/55939","Gibson 2024"
"10.1007/s10916-025-02290-0","Sivri 2025","10.1007/s10916-025-02178-z","Yıldız 2025"
"10.5334/aogh.5130","Souza 2026","10.2196/38418","Weeks 2022"
"10.5334/aogh.5130","Souza 2026","10.2196/69007","Sezgın 2024"
"10.1002/ejp.70016","Souza 2025","10.2196/50767","Martinengo 2023"
"10.1002/ejp.70016","Souza 2025","10.2196/47217","Xue 2023"
"10.1002/ejp.70016","Souza 2025","10.1038/s41746-023-00979-5","Li 2023"
"10.1002/ejp.70016","Souza 2025","10.1136/bmjopen-2023-081155","Collaborative 2024"
"10.1155/nrp/2147056","Azadboni 2026","10.1186/s12912-023-01243-7","Tawfik 2023"
"10.1155/nrp/2147056","Azadboni 2026","10.2147/ijgm.s408208","Wang 2023"
"10.1155/nrp/2147056","Azadboni 2026","10.1001/jamaoncol.2023.2947","Pan 2023"
"10.1155/nrp/2147056","Azadboni 2026","10.3389/fonc.2023.1256459","Kuşçu 2023"
"10.1155/nrp/2147056","Azadboni 2026","10.1007/s00520-024-09096-9","Lin 2024"
"10.1186/s12909-025-08462-3","Tbaishat 2025","10.3390/healthcare11060887","Sallam 2023"
"10.1186/s12909-025-08462-3","Tbaishat 2025","10.2196/42506","Au 2023"
"10.1186/s12909-025-08462-3","Tbaishat 2025","10.1038/s41746-023-00979-5","Li 2023"
"10.1186/s12909-025-08462-3","Tbaishat 2025","10.1080/07853890.2024.2302980","Kurniawan 2024"
"10.1186/s12909-025-08462-3","Tbaishat 2025","10.2196/55939","Gibson 2024"
"10.1186/s12909-025-08462-3","Tbaishat 2025","10.1109/access.2024.3425172","Bukar 2024"
"10.1186/s12909-025-08462-3","Tbaishat 2025","10.2196/59434","Burns 2024"
"10.1186/s12909-025-08462-3","Tbaishat 2025","10.3390/socsci13070381","Saeidnia 2024"
"10.1186/s12909-025-08462-3","Tbaishat 2025","10.1016/j.euros.2024.08.022","Baumgärtner 2024"
"10.1186/s12909-025-08462-3","Tbaishat 2025","10.3389/fonc.2024.1457516","Halawani 2024"
"10.1186/s12909-025-08462-3","Tbaishat 2025","10.4103/jehp.jehp_1195_24","Aşıksoy 2025"
"10.3389/fdgth.2025.1633577","Thind 2025","10.1001/jamaoncol.2023.2947","Pan 2023"
"10.3389/fdgth.2025.1633577","Thind 2025","10.1016/j.jpainsymman.2024.01.008","Kim 2024"
"10.3389/fdgth.2025.1633577","Thind 2025","10.2196/56930","Laymouna 2024"
"10.3389/fdgth.2025.1633577","Thind 2025","10.3389/fonc.2024.1386718","Bilgin 2024"
"10.3389/fdgth.2025.1633577","Thind 2025","10.1001/jamanetworkopen.2024.32143","Kaphingst 2024"
"10.3389/fdgth.2025.1633577","Thind 2025","10.1016/j.euros.2024.08.022","Baumgärtner 2024"
"10.1016/j.prosdent.2025.06.030","Topdağı 2025","10.1016/j.jormas.2023.101471","Balel 2023"
"10.1016/j.prosdent.2025.06.030","Topdağı 2025","10.1016/j.cmpb.2024.108302","Lee 2024"
"10.1016/j.prosdent.2025.06.030","Topdağı 2025","10.1016/j.prosdent.2024.12.016","Taymour 2025"
"10.1016/j.prosdent.2025.06.030","Topdağı 2025","10.1016/j.transproceed.2024.12.028","Zhan 2025"
"10.1016/j.prosdent.2025.06.030","Topdağı 2025","10.1177/08901171251316371","Owens 2025"
"10.1002/jca.70085","Urtekin 2025","10.2196/56628","Hindelang 2024"
"10.3389/fpubh.2025.1530799","Wah 2025","10.2196/40789","Aggarwal 2023"
"10.2147/ijgm.s408208","Wang 2023","10.1016/j.pec.2021.09.027","Siglen 2021"
"10.3389/fpubh.2026.1760871","Wang 2026","10.1097/md.0000000000041780","Özduran 2025"
"10.3389/fpubh.2026.1760871","Wang 2026","10.1038/s41443-025-01056-z","Bahçeci 2025"
"10.2196/70610","Wang 2025","10.1145/3594806.3596580","Ni 2023"
"10.2196/70610","Wang 2025","10.3389/fpsyt.2023.1234397","Hadar‐Shoval 2023"
"10.2196/70610","Wang 2025","10.3389/fpsyt.2023.1277756","Dergaa 2024"
"10.2196/70610","Wang 2025","10.1002/capr.12759","Maurya 2024"
"10.2196/70610","Wang 2025","10.1038/s41591-024-02943-6","Freitas 2024"
"10.2196/70610","Wang 2025","10.2196/57400","Guo 2024"
"10.1200/cci.23.00123","Webster 2023","10.2196/37882","Mash 2022"
"10.2196/89156","Widhani 2026","10.1007/s00464-024-10739-5","Ghanem 2024"
"10.2196/89156","Widhani 2026","10.2196/63677","Grilo 2025"
"10.1016/j.pec.2026.109679","Widyarto 2026","10.1177/08901171251316371","Owens 2025"
"10.1016/j.pec.2026.109679","Widyarto 2026","10.1016/j.pec.2026.109594","Ozturk 2026"
"10.1007/s00520-026-10576-3","Xie 2026","10.1186/s12912-023-01243-7","Tawfik 2023"
"10.1007/s00520-026-10576-3","Xie 2026","10.1016/j.teler.2024.100153","Alqaidi 2024"
"10.1007/s00520-026-10576-3","Xie 2026","10.1007/s00520-024-09096-9","Lin 2024"
"10.2196/54758","Xue 2024","10.3390/healthcare11060887","Sallam 2023"
"10.2196/54758","Xue 2024","10.1080/00016489.2023.2254809","Nielsen 2023"
"10.2196/54758","Xue 2024","10.1089/thy.2023.0491","Campbell 2023"
"10.2196/47217","Xue 2023","10.2196/40789","Aggarwal 2023"
"10.2196/47217","Xue 2023","10.2196/48966","Hristidis 2023"
"10.2196/62857","Yan 2025","10.2196/47479","Walker 2023"
"10.2196/62857","Yan 2025","10.1177/20552076231184091","Zhu 2023"
"10.2196/62857","Yan 2025","10.1001/jamaoncol.2023.2947","Pan 2023"
"10.2196/62857","Yan 2025","10.1016/j.ijmedinf.2023.105219","Yun 2023"
"10.2196/60291","Yau 2024","10.2196/47564","Shahsavar 2023"
"10.2196/60291","Yau 2024","10.1001/jamaoncol.2023.2947","Pan 2023"
"10.2196/60291","Yau 2024","10.2196/56930","Laymouna 2024"
"10.1016/j.ijmedinf.2023.105219","Yun 2023","10.1093/asj/sjad140","Seth 2023"
"10.1016/j.jormas.2023.101757","Yurdakurban 2023","10.2196/47479","Walker 2023"
"10.1016/j.jormas.2023.101757","Yurdakurban 2023","10.1007/s00405-023-08104-8","Chiesa‐Estomba 2023"
"10.1016/j.jfo.2025.104622","Zheng 2025","10.1016/j.xops.2023.100394","Tan 2023"
"10.1016/j.jfo.2025.104622","Zheng 2025","10.3390/jpm13121679","Ittarat 2023"
"10.1016/j.jfo.2025.104622","Zheng 2025","10.1111/opo.13284","Biswas 2024"
"10.1016/j.jfo.2025.104622","Zheng 2025","10.1080/08820538.2024.2326058","Cohen 2024"
"10.1186/s12966-025-01869-7","Zheng 2026","10.2196/44542","Salamanca-Sanabria 2023"
"10.1186/s12966-025-01869-7","Zheng 2026","10.3389/fdgth.2023.1039171","Castro 2023"
"10.1186/s12966-025-01869-7","Zheng 2026","10.2196/48168","Jabir 2023"
"10.1097/md.0000000000044403","Zhou 2025","10.1136/bmjhci-2023-100985","Lin 2024"
"10.1038/s41746-024-01074-z","Abbasian 2024","10.3390/app13116355","Jing 2023"
"10.3389/fpsyt.2026.1688043","Abu-Mahfouz 2026","10.2196/63548","Auf 2024"
"10.3389/fpsyt.2026.1688043","Abu-Mahfouz 2026","10.3390/healthcare13101205","Ni 2025"
"10.1038/s44277-026-00065-0","Augustin 2026","10.1093/schbul/sbad128","Østergaard 2023"
"10.1038/s44277-026-00065-0","Augustin 2026","10.1038/s44184-024-00097-4","Siddals 2024"
"10.1038/s44277-026-00065-0","Augustin 2026","10.1136/jme-2025-110972","Garcia 2025"
"10.1038/s44277-026-00065-0","Augustin 2026","10.2196/85799","Hudon 2025"
"10.1038/s44277-026-00065-0","Augustin 2026","10.1038/s44220-026-00595-8","Dohnány 2026"
"10.2196/67682","Baek 2025","10.2196/40789","Aggarwal 2023"
"10.2196/67682","Baek 2025","10.3390/informatics10040082","Balcombe 2023"
"10.1177/20552076251319174","Barreda 2025","10.1109/iraset52964.2022.9738103","Mellah 2022"
"10.1177/20552076251319174","Barreda 2025","10.1177/20552076221090031","Zhu 2022"
"10.1177/20552076251319174","Barreda 2025","10.2196/40789","Aggarwal 2023"
"10.1177/20552076251319174","Barreda 2025","10.2196/43165","Monteiro 2023"
"10.1177/20552076251319174","Barreda 2025","10.14569/ijacsa.2023.0140358","Vera 2023"
"10.1177/20552076251319174","Barreda 2025","10.1007/s10439-023-03231-z","Hasnain 2023"
"10.1177/20552076251319174","Barreda 2025","10.1080/07853890.2024.2302980","Kurniawan 2024"
"10.1177/20552076251319174","Barreda 2025","10.1109/ictbig59752.2023.10456018","Vera 2023"
"10.1016/j.cpcardiol.2023.102048","Birkun 2023","10.3390/healthcare11060887","Sallam 2023"
"10.1002/cpp.70191","Calderone 2025","10.2196/56930","Laymouna 2024"
"10.1002/cpp.70191","Calderone 2025","10.2196/63548","Auf 2024"
"10.1002/cpp.70191","Calderone 2025","10.2196/69294","Malouin-Lachance 2025"
"10.1002/cpp.70191","Calderone 2025","10.3390/healthcare13101205","Ni 2025"
"10.2196/67365","Campellone 2025","10.1038/s41746-023-00979-5","Li 2023"
"10.1007/s11920-026-01690-4","Cavalera 2026","10.1177/20552076231183542","Coghlan 2023"
"10.1007/s11920-026-01690-4","Cavalera 2026","10.2196/68056","Lozoya 2025"
"10.1007/s11920-026-01690-4","Cavalera 2026","10.2196/70874","Sharp 2025"
"10.1007/s11920-026-01690-4","Cavalera 2026","10.1192/bjp.2025.10380","Frances 2025"
"10.1007/s11920-026-01690-4","Cavalera 2026","10.1080/10447318.2025.2594149","Sun 2025"
"10.1007/s11920-026-01690-4","Cavalera 2026","10.3389/fpubh.2026.1603238","Frisone 2026"
"10.1016/j.ijmedinf.2025.106186","Abrantes 2025","10.1145/3631430","Rahman 2023"
"10.1016/j.ijmedinf.2025.106186","Abrantes 2025","10.2196/56930","Laymouna 2024"
"10.1016/j.ijmedinf.2025.106186","Abrantes 2025","10.1002/ejp.70016","Souza 2025"
"10.1177/00912174251392768","Chamarthi 2025","10.1093/schbul/sbad128","Østergaard 2023"
"10.1080/17434440.2025.2466742","Chen 2025","10.1177/20552076231183542","Coghlan 2023"
"10.1080/17434440.2025.2466742","Chen 2025","10.2196/49462","Chou 2024"
"10.2196/80348","Cho 2026","10.1007/978-3-031-34960-7_22","Cabrera 2023"
"10.2196/80348","Cho 2026","10.1038/s41746-024-01074-z","Abbasian 2024"
"10.2196/80348","Cho 2026","10.2196/57400","Guo 2024"
"10.2196/93040","Chung 2026","10.1016/j.jad.2022.09.028","Martinengo 2022"
"10.2196/93040","Chung 2026","10.2196/70610","Wang 2025"
"10.2196/93040","Chung 2026","10.2196/85799","Hudon 2025"
"10.1093/jamia/ocad222","Ding 2023","10.1016/j.pec.2021.09.027","Siglen 2021"
"10.1093/jamia/ocad222","Ding 2023","10.2196/29969","Wang 2022"
"10.1093/jamia/ocad222","Ding 2023","10.1002/eat.23798","Shah 2022"
"10.1093/jamia/ocad222","Ding 2023","10.2196/38525","Kocaballı 2022"
"10.3389/fpubh.2025.1689911","Du 2025","10.1080/07853890.2024.2302980","Kurniawan 2024"
"10.3389/fpubh.2025.1689911","Du 2025","10.2196/65589","Kim 2025"
"10.1177/00469580261438322","Erdemi̇r 2026","10.3389/fpsyt.2023.1234397","Hadar‐Shoval 2023"
"10.1177/00469580261438322","Erdemi̇r 2026","10.3390/informatics10040082","Balcombe 2023"
"10.1177/00469580261438322","Erdemi̇r 2026","10.3389/fdgth.2023.1278186","Khawaja 2023"
"10.1177/00469580261438322","Erdemi̇r 2026","10.2196/64396","Rządeczka 2024"
"10.1177/00469580261438322","Erdemi̇r 2026","10.3390/socsci13070381","Saeidnia 2024"
"10.1177/00469580261438322","Erdemi̇r 2026","10.3390/healthcare13101205","Ni 2025"
"10.1177/00469580261438322","Erdemi̇r 2026","10.1136/jme-2025-110972","Garcia 2025"
"10.1177/00469580261438322","Erdemi̇r 2026","10.1002/wps.21352","Hua 2025"
"10.1177/00469580261438322","Erdemi̇r 2026","10.1016/j.techsoc.2025.103045","Tang 2025"
"10.1177/00469580261438322","Erdemi̇r 2026","10.2196/80739","Shumate 2025"
"10.1371/journal.pdig.0001201","Feng 2026","10.1016/j.ajhg.2022.05.001","Bombard 2022"
"10.1371/journal.pdig.0001201","Feng 2026","10.1093/asj/sjad140","Seth 2023"
"10.1371/journal.pdig.0001201","Feng 2026","10.1007/s00464-024-10739-5","Ghanem 2024"
"10.1371/journal.pdig.0001201","Feng 2026","10.1080/10447318.2024.2344149","Cheng 2024"
"10.1192/bjp.2025.10380","Frances 2025","10.1177/20552076231183542","Coghlan 2023"
"10.2196/79677","Fu 2025","10.2196/32578","Chew 2022"
"10.2196/79677","Fu 2025","10.2196/40789","Aggarwal 2023"
"10.2196/79677","Fu 2025","10.2196/43227","Han 2023"
"10.2196/79677","Fu 2025","10.2196/51571","Moore 2023"
"10.3390/jpm13091363","Valencia 2023","10.2196/41017","Biro 2023"
"10.3390/jpm13091363","Valencia 2023","10.3390/healthcare11060887","Sallam 2023"
"10.2196/62963","Golden 2024","10.48550/arxiv.2307.15810","Ma 2023"
"10.2196/62963","Golden 2024","10.1038/s41746-024-01074-z","Abbasian 2024"
"10.2196/62963","Golden 2024","10.2196/57400","Guo 2024"
"10.1038/s41746-026-02531-7","Golden 2026","10.2196/62963","Golden 2024"
"10.1186/s12877-026-07418-6","Gou 2026","10.2196/49462","Chou 2024"
"10.2196/57400","Guo 2024","10.3389/fpsyt.2023.1234397","Hadar‐Shoval 2023"
"10.1177/15248380261425937","Shoval 2026","10.2196/45894","Han 2023"
"10.1177/15248380261425937","Shoval 2026","10.1145/3623809.3623865","Lin 2023"
"10.1177/15248380261425937","Shoval 2026","10.1038/s44184-024-00097-4","Siddals 2024"
"10.1177/15248380261425937","Shoval 2026","10.3390/ai6030056","Rasool 2025"
"10.1177/15248380261425937","Shoval 2026","10.2196/69709","Scholich 2025"
"10.1177/15248380261425937","Shoval 2026","10.1109/tts.2025.3573875","McStay 2025"
"10.1177/20552076261450385","Han 2026","10.2196/40789","Aggarwal 2023"
"10.1177/20552076261450385","Han 2026","10.1186/s12912-023-01243-7","Tawfik 2023"
"10.1177/20552076261450385","Han 2026","10.3389/fdgth.2023.1149374","Bruijnes 2023"
"10.1177/20552076261450385","Han 2026","10.2196/42506","Au 2023"
"10.1177/20552076261450385","Han 2026","10.1038/s41746-023-00979-5","Li 2023"
"10.1177/20552076261450385","Han 2026","10.1080/07853890.2024.2302980","Kurniawan 2024"
"10.1177/20552076261450385","Han 2026","10.2196/56930","Laymouna 2024"
"10.1177/20552076261450385","Han 2026","10.2196/56628","Hindelang 2024"
"10.1177/20552076261450385","Han 2026","10.2196/70131","Kelly 2025"
"10.1177/20552076261450385","Han 2026","10.2196/72309","Peerbolte 2025"
"10.1177/20552076261450385","Han 2026","10.3389/fpubh.2025.1689911","Du 2025"
"10.1177/20552076261450385","Han 2026","10.1177/20552076251411287","Hou 2026"
"10.1177/20552076261450385","Han 2026","10.1186/s12912-026-04518-x","Han 2026"
"10.1186/s12889-025-25814-2","Hazhir 2025","10.1111/bjet.13174","Nelekar 2021"
"10.1186/s12889-025-25814-2","Hazhir 2025","10.2196/29969","Wang 2022"
"10.1186/s12889-025-25814-2","Hazhir 2025","10.2196/38418","Weeks 2022"
"10.1186/s12889-025-25814-2","Hazhir 2025","10.2196/35556","Whittaker 2022"
"10.1186/s12889-025-25814-2","Hazhir 2025","10.2196/40789","Aggarwal 2023"
"10.1186/s12889-025-25814-2","Hazhir 2025","10.2196/39934","Matheson 2023"
"10.1186/s12889-025-25814-2","Hazhir 2025","10.2196/45894","Han 2023"
"10.1186/s12889-025-25814-2","Hazhir 2025","10.3389/fdgth.2023.1224429","Nkabane-Nkholongo 2023"
"10.1186/s12889-025-25814-2","Hazhir 2025","10.2196/56930","Laymouna 2024"
"10.1186/s12889-025-25814-2","Hazhir 2025","10.3389/fdgth.2024.1418695","Maher 2024"
"10.1186/s12889-025-25814-2","Hazhir 2025","10.1016/j.procs.2024.10.363","Kelly 2024"
"10.1186/s12889-025-25814-2","Hazhir 2025","10.3390/jpm14121165","Sabaner 2024"
"10.1186/s12889-025-25814-2","Hazhir 2025","10.2196/63515","Graaff 2024"
"10.1186/s12889-025-25814-2","Hazhir 2025","10.1080/09540121.2025.2470318","Mathur 2025"
"10.2196/56628","Hindelang 2024","10.2196/32578","Chew 2022"
"10.2196/56628","Hindelang 2024","10.1016/j.iotcps.2023.04.003","Ray 2023"
"10.1016/j.copsyc.2025.102216","Hornsey 2025","10.2196/39045","Pérez-Ramos 2022"
"10.1016/j.copsyc.2025.102216","Hornsey 2025","10.3390/vaccines12070708","Li 2024"
"10.2196/85799","Hudon 2025","10.1093/schbul/sbad128","Østergaard 2023"
"10.2196/85799","Hudon 2025","10.2196/69294","Malouin-Lachance 2025"
"10.2196/85799","Hudon 2025","10.1002/wps.21352","Hua 2025"
"10.1007/s10916-026-02381-6","Izquierdo-Condoy 2026","10.2196/69709","Scholich 2025"
"10.2196/48168","Jabir 2023","10.2196/44542","Salamanca-Sanabria 2023"
"10.25259/ijpc_144_2025","Dehnayebi 2026","10.1186/s12912-023-01243-7","Tawfik 2023"
"10.25259/ijpc_144_2025","Dehnayebi 2026","10.1016/j.jpainsymman.2024.01.008","Kim 2024"
"10.25259/ijpc_144_2025","Dehnayebi 2026","10.1080/07853890.2024.2302980","Kurniawan 2024"
"10.25259/ijpc_144_2025","Dehnayebi 2026","10.2196/56930","Laymouna 2024"
"10.25259/ijpc_144_2025","Dehnayebi 2026","10.1097/md.0000000000039305","Hancı 2024"
"10.25259/ijpc_144_2025","Dehnayebi 2026","10.1177/09697330241296874","Oh 2024"
"10.25259/ijpc_144_2025","Dehnayebi 2026","10.1007/s13187-025-02592-4","McLean 2025"
"10.1007/s11920-025-01656-y","Jalali 2025","10.1111/jpm.12965","Woodnutt 2023"
"10.1007/s11920-025-01656-y","Jalali 2025","10.2196/47960","Karkosz 2023"
"10.1007/s11920-025-01656-y","Jalali 2025","10.3389/fpsyt.2023.1277756","Dergaa 2024"
"10.1007/s11920-025-01656-y","Jalali 2025","10.2196/70874","Sharp 2025"
"10.1007/s11920-025-01656-y","Jalali 2025","10.2196/69709","Scholich 2025"
"10.1007/s11920-025-01656-y","Jalali 2025","10.1145/3757548","Namvarpour 2025"
"10.2196/47134","Jiang 2023","10.1145/3491102.3517553","Zhou 2022"
"10.2196/78417","Karve 2025","10.1002/eat.23798","Shah 2022"
"10.2196/78417","Karve 2025","10.2196/40789","Aggarwal 2023"
"10.2196/78417","Karve 2025","10.3390/healthcare11060887","Sallam 2023"
"10.2196/78417","Karve 2025","10.1080/07853890.2024.2302980","Kurniawan 2024"
"10.2196/78417","Karve 2025","10.1145/3613905.3651051","Moore 2024"
"10.2196/78417","Karve 2025","10.3390/vaccines12070708","Li 2024"
"10.2196/78417","Karve 2025","10.2196/60361","Kotov 2024"
"10.1093/tbm/ibaf007","Kim 2025","10.1016/j.pec.2021.09.027","Siglen 2021"
"10.1093/tbm/ibaf007","Kim 2025","10.1038/s41746-023-00979-5","Li 2023"
"10.2196/59309","Lai 2025","10.1038/s41746-022-00560-6","Parmar 2022"
"10.2196/59309","Lai 2025","10.2196/51308","Zaleski 2024"
"10.2196/70251","Bonniec 2025","10.2196/40789","Aggarwal 2023"
"10.2196/70251","Bonniec 2025","10.2147/ijgm.s408208","Wang 2023"
"10.2196/70251","Bonniec 2025","10.1016/j.euros.2024.08.022","Baumgärtner 2024"
"10.1093/bmb/ldag007","Leightley 2026","10.2196/40789","Aggarwal 2023"
"10.1093/bmb/ldag007","Leightley 2026","10.1016/j.apmr.2023.04.023","Brinsley 2023"
"10.1093/bmb/ldag007","Leightley 2026","10.1038/s41746-023-00979-5","Li 2023"
"10.2196/43112","Lim 2023","10.1111/bjet.13174","Nelekar 2021"
"10.2196/43112","Lim 2023","10.1038/s41598-021-03869-6","Pandey 2022"
"10.2196/43112","Lim 2023","10.1177/20552076221090031","Zhu 2022"
"10.2196/43112","Lim 2023","10.2196/38418","Weeks 2022"
"10.2196/43112","Lim 2023","10.2196/35903","White 2022"
"10.2196/84695","Liu 2026","10.15678/eber.2023.110201","Wach 2023"
"10.2196/84695","Liu 2026","10.3390/healthcare12010062","Rodríguez-Martínez 2023"
"10.2196/84695","Liu 2026","10.2196/49462","Chou 2024"
"10.2196/84695","Liu 2026","10.1016/j.jamda.2024.105108","Zhang 2024"
"10.2196/84695","Liu 2026","10.3390/brainsci15010047","Pergantis 2025"
"10.2196/84695","Liu 2026","10.2196/68796","Liang 2025"
"10.2196/73319","Liu 2025","10.1016/j.procs.2022.09.091","Saiyed 2022"
"10.2196/73319","Liu 2025","10.2196/40789","Aggarwal 2023"
"10.1016/j.ijmedinf.2026.106460","Li 2026","10.24251/hicss.2022.258","Xie 2022"
"10.1016/j.ijmedinf.2026.106460","Li 2026","10.1002/eat.23798","Shah 2022"
"10.1016/j.ijmedinf.2026.106460","Li 2026","10.2196/39934","Matheson 2023"
"10.1016/j.ijmedinf.2026.106460","Li 2026","10.1145/3544548.3581503","Jo 2023"
"10.1016/j.ijmedinf.2026.106460","Li 2026","10.1016/j.apmr.2023.04.023","Brinsley 2023"
"10.1016/j.ijmedinf.2026.106460","Li 2026","10.1609/aaai.v37i13.27085","Roy 2023"
"10.1016/j.ijmedinf.2026.106460","Li 2026","10.1609/aaai.v37i12.26685","Mishra 2023"
"10.1016/j.ijmedinf.2026.106460","Li 2026","10.1007/978-3-031-35992-7_24","Taylor 2023"
"10.1016/j.ijmedinf.2026.106460","Li 2026","10.1145/3610106","Tseng 2023"
"10.1016/j.ijmedinf.2026.106460","Li 2026","10.1145/3623809.3623865","Lin 2023"
"10.1016/j.ijmedinf.2026.106460","Li 2026","10.1038/s41746-023-00979-5","Li 2023"
"10.1016/j.ijmedinf.2026.106460","Li 2026","10.1109/access.2023.3348783","Abilkaiyrkyzy 2024"
"10.1016/j.ijmedinf.2026.106460","Li 2026","10.5664/jcsm.10948","Alapati 2024"
"10.1016/j.ijmedinf.2026.106460","Li 2026","10.2196/55988","Hadar‐Shoval 2024"
"10.1016/j.ijmedinf.2026.106460","Li 2026","10.1002/erv.3082","D’Adamo 2024"
"10.1016/j.ijmedinf.2026.106460","Li 2026","10.1038/s41591-024-02943-6","Freitas 2024"
"10.1016/j.ijmedinf.2026.106460","Li 2026","10.1109/inocon60754.2024.10511610","Gujarathi 2024"
"10.1016/j.ijmedinf.2026.106460","Li 2026","10.1016/j.nsa.2024.104089","Lahutina 2024"
"10.1016/j.ijmedinf.2026.106460","Li 2026","10.1145/3652988.3673968","Shayaninasab 2024"
"10.1016/j.ijmedinf.2026.106460","Li 2026","10.1007/s12144-025-07359-0","Yeh 2025"
"10.1016/j.ijmedinf.2026.106460","Li 2026","10.1016/j.cogsys.2025.101337","Soman 2025"
"10.1016/j.ijmedinf.2026.106460","Li 2026","10.1186/s40337-025-01225-x","Sharp 2025"
"10.1016/j.ijmedinf.2026.106460","Li 2026","10.1109/ccwc62904.2025.10903778","Reátegui-Rivera 2025"
"10.1097/yco.0000000000001096","Lopez‐Quintero 2026","10.2196/35556","Whittaker 2022"
"10.1097/yco.0000000000001096","Lopez‐Quintero 2026","10.1177/20552076251380324","Minian 2025"
"10.1097/yco.0000000000001096","Lopez‐Quintero 2026","10.2196/73319","Liu 2025"
"10.2196/69294","Malouin-Lachance 2025","10.1016/j.jad.2022.09.028","Martinengo 2022"
"10.2196/69294","Malouin-Lachance 2025","10.2196/40789","Aggarwal 2023"
"10.2196/69294","Malouin-Lachance 2025","10.2196/56114","Anisha 2024"
"10.2196/39934","Matheson 2023","10.1002/eat.23798","Shah 2022"
"10.1038/s44277-025-00052-x","McFarland 2026","10.2196/57400","Guo 2024"
"10.1038/s44277-025-00052-x","McFarland 2026","10.1038/s44184-024-00097-4","Siddals 2024"
"10.2196/46758","Mills 2023","10.1093/tbm/ibab096","Green 2021"
"10.2196/46758","Mills 2023","10.2196/29969","Wang 2022"
"10.2196/46758","Mills 2023","10.2196/38740","Dhinagaran 2022"
"10.2196/46758","Mills 2023","10.2196/42758","Passanante 2023"
"10.7326/annals-24-03933","Modi 2025","10.1136/bmj-2023-078538","Menz 2024"
"10.7326/annals-24-03933","Modi 2025","10.1016/j.ejca.2025.115274","Menz 2025"
"10.1080/17434440.2026.2649559","Subbulakshmi 2026","10.3390/informatics10040082","Balcombe 2023"
"10.1080/17434440.2026.2649559","Subbulakshmi 2026","10.1038/s41746-023-00979-5","Li 2023"
"10.1080/17434440.2026.2649559","Subbulakshmi 2026","10.1097/cin.0000000000001155","Gallegos 2024"
"10.1080/17434440.2026.2649559","Subbulakshmi 2026","10.1007/s12144-025-07359-0","Yeh 2025"
"10.1080/17434440.2026.2649559","Subbulakshmi 2026","10.2196/67682","Baek 2025"
"10.1080/17434440.2026.2649559","Subbulakshmi 2026","10.1007/s12144-025-08094-2","Mayor 2025"
"10.1080/17434440.2026.2649559","Subbulakshmi 2026","10.2196/78340","Im 2025"
"10.3390/healthcare13101205","Ni 2025","10.1080/15265161.2022.2048739","Sedláková 2022"
"10.3390/healthcare13101205","Ni 2025","10.3389/fpsyt.2023.1234397","Hadar‐Shoval 2023"
"10.3390/healthcare13101205","Ni 2025","10.2196/57400","Guo 2024"
"10.3390/healthcare13101205","Ni 2025","10.1007/s40501-024-00340-x","Blease 2024"
"10.3389/fdgth.2026.1761193","O’Malley 2026","10.2196/40789","Aggarwal 2023"
"10.3389/fdgth.2026.1761193","O’Malley 2026","10.1038/s41746-024-01074-z","Abbasian 2024"
"10.3389/fdgth.2026.1761193","O’Malley 2026","10.2196/70131","Kelly 2025"
"10.3390/healthcare14101395","Olisaeloka 2026","10.1145/3604571.3604578","Ng 2023"
"10.3390/healthcare14101395","Olisaeloka 2026","10.1145/3623809.3623865","Lin 2023"
"10.3390/healthcare14101395","Olisaeloka 2026","10.1038/s41746-023-00979-5","Li 2023"
"10.3390/healthcare14101395","Olisaeloka 2026","10.2196/57400","Guo 2024"
"10.3390/healthcare14101395","Olisaeloka 2026","10.2196/67365","Campellone 2025"
"10.3390/healthcare14101395","Olisaeloka 2026","10.2196/80739","Shumate 2025"
"10.3390/healthcare14101395","Olisaeloka 2026","10.1371/journal.pone.0341631","Olisaeloka 2026"
"10.2196/62758","Park 2024","10.2196/38743","Ludin 2022"
"10.2196/62758","Park 2024","10.2196/39934","Matheson 2023"
"10.2196/62758","Park 2024","10.1145/3544548.3581503","Jo 2023"
"10.2196/62758","Park 2024","10.1007/s41347-023-00315-4","Sanabria 2023"
"10.2196/62758","Park 2024","10.1093/tbm/ibad041","Fabian 2023"
"10.2196/62758","Park 2024","10.1038/s41746-023-00979-5","Li 2023"
"10.2196/62758","Park 2024","10.1038/s41746-024-01072-1","Balan 2024"
"10.1016/j.xjmad.2026.100181","Paulus 2026","10.2196/79838","Sobowale 2025"
"10.1016/j.xjmad.2026.100181","Paulus 2026","10.1038/s41746-026-02531-7","Golden 2026"
"10.3390/brainsci15010047","Pergantis 2025","10.2196/32578","Chew 2022"
"10.3390/brainsci15010047","Pergantis 2025","10.1177/20552076231183542","Coghlan 2023"
"10.3390/brainsci15010047","Pergantis 2025","10.3390/su16072913","Karyotaki 2024"
"10.1016/j.ijnurstu.2025.105243","Ye 2025","10.3233/shti220992","Denecke 2022"
"10.1016/j.ijnurstu.2025.105243","Ye 2025","10.2196/40789","Aggarwal 2023"
"10.1177/20552076261421688","Rezaei 2026","10.2196/40789","Aggarwal 2023"
"10.1177/20552076261421688","Rezaei 2026","10.2196/51361","Nguyen 2023"
"10.1177/20552076261421688","Rezaei 2026","10.18653/v1/2023.emnlp-main.698","Cho 2023"
"10.1177/20552076261421688","Rezaei 2026","10.2196/49462","Chou 2024"
"10.1177/20552076261421688","Rezaei 2026","10.3390/socsci13070381","Saeidnia 2024"
"10.2196/64396","Rządeczka 2024","10.1080/10447318.2021.1988236","Zhu 2021"
"10.2196/64396","Rządeczka 2024","10.1080/15265161.2022.2048739","Sedláková 2022"
"10.2196/64396","Rządeczka 2024","10.1109/temsconeurope54743.2022.9801962","Damij 2022"
"10.2196/64396","Rządeczka 2024","10.3389/fpsyg.2023.1126015","Marciano 2023"
"10.2196/64396","Rządeczka 2024","10.1093/schbul/sbad128","Østergaard 2023"
"10.2196/64396","Rządeczka 2024","10.3390/informatics10040082","Balcombe 2023"
"10.2196/64396","Rządeczka 2024","10.3389/fdgth.2023.1278186","Khawaja 2023"
"10.2196/64396","Rządeczka 2024","10.2196/50454","Schillings 2024"
"10.1007/978-981-95-6872-7_29","Schwientek 2026","10.1080/15265161.2022.2048739","Sedláková 2022"
"10.1007/978-981-95-6872-7_29","Schwientek 2026","10.1038/s41746-023-00979-5","Li 2023"
"10.1007/978-981-95-6872-7_29","Schwientek 2026","10.1002/wps.21183","Linardon 2024"
"10.1007/978-981-95-6872-7_29","Schwientek 2026","10.2196/69294","Malouin-Lachance 2025"
"10.3390/bs16050756","Sharma 2026","10.1145/3572921.3572922","Yuksel 2022"
"10.3390/bs16050756","Sharma 2026","10.2196/47564","Shahsavar 2023"
"10.3390/bs16050756","Sharma 2026","10.3390/informatics10040082","Balcombe 2023"
"10.3390/bs16050756","Sharma 2026","10.1038/s41746-023-00979-5","Li 2023"
"10.3390/bs16050756","Sharma 2026","10.1371/journal.pdig.0000492","Nadarzynski 2024"
"10.3390/bs16050756","Sharma 2026","10.1145/3630106.3658956","Maeda 2024"
"10.3390/bs16050756","Sharma 2026","10.1038/s44184-024-00097-4","Siddals 2024"
"10.3390/bs16050756","Sharma 2026","10.18653/v1/2024.findings-emnlp.120","Gabriel 2024"
"10.3390/bs16050756","Sharma 2026","10.3390/healthcare13101205","Ni 2025"
"10.3390/bs16050756","Sharma 2026","10.1186/s12888-025-07671-w","Dai 2025"
"10.1001/jamanetworkopen.2026.6713","Shoshani 2026","10.1038/s41746-023-00979-5","Li 2023"
"10.1001/jamanetworkopen.2026.6713","Shoshani 2026","10.1038/s44184-024-00097-4","Siddals 2024"
"10.1001/jamanetworkopen.2026.6713","Shoshani 2026","10.2196/69294","Malouin-Lachance 2025"
"10.2196/80123","Silacci 2026","10.2196/32578","Chew 2022"
"10.2196/80123","Silacci 2026","10.2196/42238","Noh 2023"
"10.2196/80123","Silacci 2026","10.1038/s41746-023-00979-5","Li 2023"
"10.2196/80123","Silacci 2026","10.2196/51308","Zaleski 2024"
"10.2196/80123","Silacci 2026","10.1145/3613904.3642960","Hu 2024"
"10.1177/20552076251406637","Azadboni 2025","10.2196/38525","Kocaballı 2022"
"10.1177/20552076251406637","Azadboni 2025","10.3390/app13116355","Jing 2023"
"10.1177/20552076251406637","Azadboni 2025","10.1177/20552076231183542","Coghlan 2023"
"10.1177/20552076251406637","Azadboni 2025","10.1109/smartworld-uic-atc-scalcom-digitaltwin-pricomp-metaverse56740.2022.00160","Tian 2022"
"10.1177/20552076251406637","Azadboni 2025","10.3390/jpm13091363","Valencia 2023"
"10.1177/20552076251406637","Azadboni 2025","10.2196/47551","Li 2023"
"10.1177/20552076251406637","Azadboni 2025","10.3390/jpm13121679","Ittarat 2023"
"10.1177/20552076251406637","Azadboni 2025","10.3390/biomedinformatics4010047","Chow 2024"
"10.1177/20552076251406637","Azadboni 2025","10.3389/fdgth.2024.1418695","Maher 2024"
"10.1177/20552076251406637","Azadboni 2025","10.3390/jpm14080877","Goumas 2024"
"10.1177/20552076251406637","Azadboni 2025","10.1177/20552076251319174","Barreda 2025"
"10.1016/j.jamda.2025.105523","Teo 2025","10.3390/geriatrics9020022","Jones 2024"
"10.3390/jcm15062218","Vaira 2026","10.2196/56628","Hindelang 2024"
"10.1080/07359683.2024.2422206","Weingott 2024","10.2196/29969","Wang 2022"
"10.1080/07359683.2024.2422206","Weingott 2024","10.2196/43165","Monteiro 2023"
"10.1097/mop.0000000000001546","Wolf 2026","10.2196/38418","Weeks 2022"
"10.1097/mop.0000000000001546","Wolf 2026","10.3390/vaccines12070708","Li 2024"
"10.1097/mop.0000000000001546","Wolf 2026","10.1093/jamiaopen/ooaf005","Li 2024"
"10.2196/60380","Wu 2024","10.2196/37882","Mash 2022"
"10.2196/60380","Wu 2024","10.2196/47134","Jiang 2023"
"10.2196/60380","Wu 2024","10.1080/07853890.2024.2302980","Kurniawan 2024"
"10.1093/bjrai/ubae019","Zitu 2024","10.3389/fonc.2023.1256459","Kuşçu 2023"
"10.1093/bjrai/ubae019","Zitu 2024","10.2196/55939","Gibson 2024"
"10.1186/s12912-026-04518-x","Han 2026","10.1186/s12912-023-01243-7","Tawfik 2023"
"10.1186/s12912-026-04518-x","Han 2026","10.1111/jpm.12965","Woodnutt 2023"
"10.1186/s12912-026-04518-x","Han 2026","10.1111/nep.14239","Cheng 2023"
"10.1186/s12912-026-04518-x","Han 2026","10.1080/07853890.2024.2302980","Kurniawan 2024"
"10.1016/j.oooo.2025.01.001","Helvacıoğlu-Yiğit 2025","10.1016/j.iotcps.2023.04.003","Ray 2023"
"10.1016/j.oooo.2025.01.001","Helvacıoğlu-Yiğit 2025","10.1016/j.jaad.2024.01.037","Robinson 2024"
"10.1007/s10916-025-02178-z","Yıldız 2025","10.1016/j.urology.2023.07.010","Whiles 2023"
"10.1007/s10916-025-02178-z","Yıldız 2025","10.1016/j.eururo.2023.07.004","Musheyev 2023"
"10.1007/s10916-025-02178-z","Yıldız 2025","10.1007/s00345-023-04563-0","Szczesniewski 2023"
"10.1007/s10916-025-02178-z","Yıldız 2025","10.1007/s10916-024-02056-0","Şahin 2024"
"10.1111/jop.70158","Baczynska 2026","10.1016/j.cmpb.2024.108302","Lee 2024"
"10.1111/jop.70158","Baczynska 2026","10.1016/j.ijmedinf.2025.105948","Büker 2025"
"10.1111/jop.70158","Baczynska 2026","10.1016/j.bjoms.2025.08.008","Gohari 2025"
"10.1097/cce.0000000000001378","Hunter 2026","10.1542/peds.2024-066615","Hunter 2024"
"10.1007/s13187-026-02848-7","Wheldon 2026","10.1186/s12912-023-01243-7","Tawfik 2023"
"10.1093/jamiaopen/ooaf169","Nguyen 2025","10.3390/healthcare11060887","Sallam 2023"
"10.1093/jamiaopen/ooaf169","Nguyen 2025","10.1097/phh.0000000000001781","Mane 2023"
"10.1093/jamiaopen/ooaf169","Nguyen 2025","10.1007/s00586-023-07975-z","Stroop 2023"
"10.1093/jamiaopen/ooaf169","Nguyen 2025","10.2196/51361","Nguyen 2023"
"10.1093/jamiaopen/ooaf169","Nguyen 2025","10.3390/healthcare13040363","Amil 2025"
"10.1093/jamiaopen/ooaf169","Nguyen 2025","10.3390/healthcare13141756","Aslan 2025"
"10.7126/cumudj.1848545","Şen 2026","10.1016/j.oooo.2025.01.001","Helvacıoğlu-Yiğit 2025"
"10.7126/cumudj.1848545","Şen 2026","10.1038/s41598-025-94576-z","Terzi 2025"
"10.7126/cumudj.1848545","Şen 2026","10.1186/s12903-025-05965-9","Esmailpour 2025"
"10.7126/cumudj.1848545","Şen 2026","10.1016/j.ijmedinf.2025.105948","Büker 2025"
"10.7126/cumudj.1848545","Şen 2026","10.1186/s12903-025-06267-w","Özcivelek 2025"
"10.3390/dj13080343","Martina 2025","10.3390/healthcare11060887","Sallam 2023"
"10.3390/dj13080343","Martina 2025","10.2196/47564","Shahsavar 2023"
"10.3390/dj13080343","Martina 2025","10.3389/fpubh.2025.1530799","Wah 2025"
"10.3390/dj13080343","Martina 2025","10.1007/s40368-025-01012-x","Dermata 2025"
"10.3390/dj13080343","Martina 2025","10.1016/j.ijmedinf.2025.105948","Büker 2025"
"10.3390/dj13080343","Martina 2025","10.1016/j.ajodo.2025.04.008","Metin 2025"
"10.3390/dj13080343","Martina 2025","10.1111/ocr.12939","Hassan 2025"
"10.1002/oto2.70170","Palmer 2025","10.1089/thy.2023.0491","Campbell 2023"
"10.1002/oto2.70170","Palmer 2025","10.5664/jcsm.10948","Alapati 2024"
"10.1002/oto2.70170","Palmer 2025","10.1002/oto2.70011","Sina 2024"
"10.1002/oto2.70170","Palmer 2025","10.1097/scs.0000000000010678","Albehairi 2024"
"10.1007/s11255-025-04461-x","Anıl 2025","10.2196/47479","Walker 2023"
"10.1007/s11255-025-04461-x","Anıl 2025","10.1016/j.urology.2023.07.010","Whiles 2023"
"10.1007/s11255-025-04461-x","Anıl 2025","10.1016/j.eururo.2023.07.004","Musheyev 2023"
"10.1007/s11255-025-04461-x","Anıl 2025","10.1001/jamaoncol.2023.2947","Pan 2023"
"10.1007/s11255-025-04461-x","Anıl 2025","10.1007/s00345-023-04563-0","Szczesniewski 2023"
"10.1007/s11255-025-04461-x","Anıl 2025","10.1007/s10916-024-02056-0","Şahin 2024"
"10.1016/j.ijoa.2025.104688","Tan 2025","10.3390/healthcare11060887","Sallam 2023"
"10.1016/j.ijoa.2025.104688","Tan 2025","10.2196/56930","Laymouna 2024"
"10.1016/j.ijoa.2025.104688","Tan 2025","10.2196/64396","Rządeczka 2024"
"10.1016/j.ijoa.2025.104688","Tan 2025","10.1016/j.ijoa.2025.104353","Keasler 2025"
"10.1016/j.jse.2024.08.025","White 2024","10.3390/healthcare11060887","Sallam 2023"
"10.1016/j.jse.2024.08.025","White 2024","10.1053/j.sart.2024.01.003","Adelstein 2024"
"10.1007/s11255-026-05129-w","Wang 2026","10.1016/j.eururo.2023.07.004","Musheyev 2023"
"10.1007/s11255-026-05129-w","Wang 2026","10.3390/healthcare11182518","Valencia 2023"
"10.1007/s11255-026-05129-w","Wang 2026","10.1016/j.transproceed.2024.12.028","Zhan 2025"
"10.1007/s11255-026-05129-w","Wang 2026","10.1038/s41443-025-01056-z","Bahçeci 2025"
"10.1108/intr-08-2023-0702","Jin 2024","10.2196/41017","Biro 2023"
"10.1108/intr-08-2023-0702","Jin 2024","10.2196/40789","Aggarwal 2023"
"10.1108/intr-08-2023-0702","Jin 2024","10.2196/42506","Au 2023"
"10.1108/intr-08-2023-0702","Jin 2024","10.1080/10447318.2023.2279402","Jin 2023"
"10.1108/intr-08-2023-0702","Jin 2024","10.1080/0144929x.2024.2347951","Jin 2024"
"10.1002/eat.70008","Gullo 2025","10.2196/39934","Matheson 2023"
"10.1002/eat.70008","Gullo 2025","10.2196/48168","Jabir 2023"
"10.1145/3706599.3720239","Yun 2025","10.2196/47564","Shahsavar 2023"
"10.1145/3706599.3720239","Yun 2025","10.1007/978-3-031-66538-7_22","Haez 2024"
"10.1016/j.oooo.2025.07.007","Helvacıoğlu-Yiğit 2025","10.1016/j.oooo.2025.01.001","Helvacıoğlu-Yiğit 2025"
"10.1007/s13721-025-00698-9","Tahir 2025","10.1145/3544548.3581503","Jo 2023"
"10.1007/s13721-025-00698-9","Tahir 2025","10.3390/biomedinformatics4010047","Chow 2024"
"10.1007/s13721-025-00698-9","Tahir 2025","10.1016/j.ajoint.2024.100032","Xompero 2024"
"10.1007/s13721-025-00698-9","Tahir 2025","10.1016/j.aej.2024.07.098","Alotaibi 2024"
"10.1007/s13721-025-00698-9","Tahir 2025","10.2196/57400","Guo 2024"
"10.1007/s13721-025-00698-9","Tahir 2025","10.1016/j.euros.2024.10.009","Carl 2024"
"10.1145/3714394.3756349","She 2025","10.1145/3544548.3580719","Harrington 2023"
"10.3389/fdgth.2026.1777667","Uzoma 2026","10.2196/29969","Wang 2022"
"10.3389/fdgth.2026.1777667","Uzoma 2026","10.2196/38740","Dhinagaran 2022"
"10.3389/fdgth.2026.1777667","Uzoma 2026","10.2196/40789","Aggarwal 2023"
"10.3389/fdgth.2026.1777667","Uzoma 2026","10.1177/09564624231180777","Nadarzynski 2023"
"10.3389/fdgth.2026.1777667","Uzoma 2026","10.2196/46758","Mills 2023"
"10.3389/fdgth.2026.1777667","Uzoma 2026","10.2196/47217","Xue 2023"
"10.3389/fdgth.2026.1777667","Uzoma 2026","10.2196/56930","Laymouna 2024"
"10.3389/fdgth.2026.1777667","Uzoma 2026","10.1002/asi.24898","Gumusel 2024"
"10.3389/fdgth.2026.1777667","Uzoma 2026","10.1177/20552076241308994","Bull 2024"
"10.3389/fdgth.2026.1777667","Uzoma 2026","10.1111/jgs.19393","Ellis 2025"
"10.3389/fdgth.2026.1777667","Uzoma 2026","10.1177/26318318251323714","Mondal 2025"
"10.3389/fdgth.2026.1777667","Uzoma 2026","10.1177/20552076251319174","Barreda 2025"
"10.3389/fdgth.2026.1777667","Uzoma 2026","10.1145/3706598.3713362","Deva 2025"
"10.3389/fdgth.2026.1777667","Uzoma 2026","10.1186/s12889-025-22933-8","Latt 2025"
"10.3389/fdgth.2026.1777667","Uzoma 2026","10.2196/60205","Choi 2025"
"10.3389/fdgth.2026.1777667","Uzoma 2026","10.1016/j.contraception.2025.111199","Brennan 2025"
"10.3389/fdgth.2026.1777667","Uzoma 2026","10.1136/bmjopen-2025-099824","Chen 2025"
"10.3389/fdgth.2026.1777667","Uzoma 2026","10.1177/20552076251390004","Kolfschooten 2025"
"10.3389/fdgth.2026.1777667","Uzoma 2026","10.2196/79850","Feng 2025"
"10.1177/19322968261447304","Yu 2026","10.3390/diseases12080185","Acharya 2024"
"10.1177/19322968261447304","Yu 2026","10.3390/info16070549","Chow 2025"
"10.1177/19322968261447304","Yu 2026","10.2147/dmso.s541515","Li 2025"
"10.1016/j.imu.2025.101720","Ahamed 2025","10.2196/29969","Wang 2022"
"10.1016/j.imu.2025.101720","Ahamed 2025","10.3390/informatics10040082","Balcombe 2023"
"10.1016/j.imu.2025.101720","Ahamed 2025","10.1038/s41746-024-01074-z","Abbasian 2024"
"10.2196/79671","Tao 2026","10.2196/40789","Aggarwal 2023"
"10.2196/79671","Tao 2026","10.1016/j.iotcps.2023.04.003","Ray 2023"
"10.2196/79671","Tao 2026","10.2196/48168","Jabir 2023"
"10.2196/79671","Tao 2026","10.1038/s41746-024-01074-z","Abbasian 2024"
"10.1016/j.clae.2025.102384","Huang 2025","10.1111/opo.13207","Biswas 2023"
"10.1016/j.clae.2025.102384","Huang 2025","10.2196/49324","Wilhelm 2023"
"10.1016/j.clae.2025.102384","Huang 2025","10.1111/opo.13284","Biswas 2024"
"10.1016/j.clae.2025.102384","Huang 2025","10.1080/08820538.2024.2326058","Cohen 2024"
"10.1016/j.clae.2025.102384","Huang 2025","10.1136/bjo-2023-324533","Cheong 2024"
"10.1016/j.clae.2025.102384","Huang 2025","10.1016/j.heliyon.2024.e34391","Shi 2024"
"10.2196/80979","Moradbakhti 2026","10.1038/s41746-022-00560-6","Parmar 2022"
"10.2196/80979","Moradbakhti 2026","10.2196/42965","Calvo 2023"
"10.2196/80979","Moradbakhti 2026","10.1136/bmjopen-2022-067039","Suehs 2023"
"10.2196/80979","Moradbakhti 2026","10.1016/j.pec.2025.109271","Liu 2025"
"10.2196/79720","Laily 2025","10.1016/j.iotcps.2023.04.003","Ray 2023"
"10.2196/79720","Laily 2025","10.2196/47564","Shahsavar 2023"
"10.2196/79720","Laily 2025","10.3390/jpm13091363","Valencia 2023"
"10.2196/79720","Laily 2025","10.1080/0194262x.2023.2250835","Shboul 2023"
"10.2196/79720","Laily 2025","10.1080/10447318.2024.2376808","Fetrati 2024"
"10.2196/79720","Laily 2025","10.1136/bmjqs-2024-017476","Andrikyan 2024"
"10.2196/79720","Laily 2025","10.1093/jamiaopen/ooaf005","Li 2024"
"10.2196/79720","Laily 2025","10.1371/journal.pone.0321093","Shankar 2025"
"10.1016/j.jhepr.2025.101579","Dong 2025","10.1016/j.ijmedinf.2024.105562","Olszewski 2024"
"10.1177/23259671251332596","Liang 2025","10.1016/j.arthro.2024.02.039","Hurley 2024"
"10.1177/23259671251332596","Liang 2025","10.1186/s43019-024-00218-5","Zhang 2024"
"10.1016/j.jse.2024.12.048","Gupta 2025","10.1007/s10916-024-02056-0","Şahin 2024"
"10.1186/s12875-026-03360-z","Tuz 2026","10.1089/thy.2023.0491","Campbell 2023"
"10.1186/s12875-026-03360-z","Tuz 2026","10.2196/59434","Burns 2024"
"10.1002/ijgo.70348","Taşkum 2025","10.1097/md.0000000000039305","Hancı 2024"
"10.2196/79276","Suwaidan 2026","10.3390/healthcare11060887","Sallam 2023"
"10.2196/79276","Suwaidan 2026","10.20471/june.2024.60.02.07","Arbanas 2024"
"10.1097/dcr.0000000000004092","Welton 2025","10.3389/fcomm.2023.1275127","Branley-Bell 2023"
"10.1186/s12903-025-07449-2","Varol 2025","10.1016/j.ejwf.2024.09.004","Aziz 2024"
"10.1186/s12903-025-07449-2","Varol 2025","10.1016/j.prosdent.2024.12.016","Taymour 2025"
"10.1186/s12903-025-07449-2","Varol 2025","10.57187/s.4359","Kolfschooten 2025"
"10.1186/s12889-025-22933-8","Latt 2025","10.2196/29969","Wang 2022"
"10.1186/s12889-025-22933-8","Latt 2025","10.1145/3581641.3584031","Xiao 2023"
"10.1186/s12889-025-22933-8","Latt 2025","10.1017/s1049023x23006568","Birkun 2023"
"10.1186/s12889-025-22933-8","Latt 2025","10.3389/fdgth.2023.1278186","Khawaja 2023"
"10.1186/s12889-025-22933-8","Latt 2025","10.1038/s41746-024-01074-z","Abbasian 2024"
"10.1186/s12889-025-22933-8","Latt 2025","10.1016/j.ijcard.2024.132115","Kozaily 2024"
"10.1007/s00266-026-06063-z","Işıktekin 2026","10.1093/asj/sjad140","Seth 2023"
"10.1007/s00266-026-06063-z","Işıktekin 2026","10.1016/j.ijmedinf.2023.105219","Yun 2023"
"10.4103/sej.sej_256_25","Almutairi 2026","10.1111/edt.13000","Johnson 2024"
"10.4103/sej.sej_256_25","Almutairi 2026","10.1016/j.joen.2025.04.015","Aljamani 2025"
"10.4103/sej.sej_256_25","Almutairi 2026","10.1590/1678-7757-2025-0321","Dufey-Portilla 2025"
"10.1007/978-3-032-17272-3_40","Jowkar 2026","10.1093/eurjcn/zvad038","Bulck 2023"
"10.1007/978-3-032-17272-3_40","Jowkar 2026","10.2196/56930","Laymouna 2024"
"10.1007/978-3-032-17272-3_40","Jowkar 2026","10.2196/68560","Yun 2025"
"10.2196/77747","Al-Arkee 2025","10.1016/j.japh.2024.102110","Cornelison 2024"
"10.2196/77747","Al-Arkee 2025","10.1136/bmjqs-2024-017476","Andrikyan 2024"
"10.1038/s41598-024-82948-w","Aqavil-Jahromi 2025","10.2196/47479","Walker 2023"
"10.1038/s41598-024-82948-w","Aqavil-Jahromi 2025","10.1016/j.cpcardiol.2023.102048","Birkun 2023"
"10.1038/s41598-024-82948-w","Aqavil-Jahromi 2025","10.1017/s1049023x23006568","Birkun 2023"
"10.1016/j.jhsa.2025.01.004","Arango 2025","10.1016/j.jhsa.2023.10.019","Christy 2023"
"10.1016/j.puhe.2026.106278","Anbari 2026","10.2196/47479","Walker 2023"
"10.1016/j.puhe.2026.106278","Anbari 2026","10.1038/s41391-024-00826-y","Hershenhouse 2024"
"10.1016/j.puhe.2026.106278","Anbari 2026","10.1080/07359683.2024.2422206","Weingott 2024"
"10.1016/j.puhe.2026.106278","Anbari 2026","10.1055/a-2647-1210","Bautista 2025"
"10.1016/j.puhe.2026.106278","Anbari 2026","10.2196/73185","Liu 2025"
"10.1016/j.joms.2025.08.012","Pagotto 2025","10.1177/20552076231183542","Coghlan 2023"
"10.1016/j.joms.2025.08.012","Pagotto 2025","10.2196/56930","Laymouna 2024"
"10.1097/scs.0000000000012195","Zi̇nci̇r 2025","10.1080/07853890.2024.2302980","Kurniawan 2024"
"10.1097/scs.0000000000012195","Zi̇nci̇r 2025","10.2196/58831","Armbruster 2024"
"10.3389/frhs.2026.1830227","Babun 2026","10.3390/healthcare11060887","Sallam 2023"
"10.1177/20552076251412700","Agar 2026","10.1097/md.0000000000038009","Gül 2024"
"10.1177/20552076251412700","Agar 2026","10.1097/md.0000000000038352","Arça 2024"
"10.1177/20552076251412700","Agar 2026","10.1097/md.0000000000039305","Hancı 2024"
"10.1002/cam4.71364","Cheng 2025","10.1001/jamaoncol.2023.2947","Pan 2023"
"10.1002/cam4.71364","Cheng 2025","10.1002/jso.27715","Roldan‐Vasquez 2024"
"10.1002/cam4.71364","Cheng 2025","10.1001/jamanetworkopen.2024.22275","Musheyev 2024"
"10.1002/eat.70118","Yeşilkaya 2026","10.12996/gmj.2025.4451","Demir 2025"
"10.2196/78621","Liem 2025","10.2196/62758","Park 2024"
"10.1145/3729479","Ramjee 2025","10.1145/3581641.3584031","Xiao 2023"
"10.1145/3729479","Ramjee 2025","10.3389/fdgth.2023.1161098","Yeung 2023"
"10.1145/3729479","Ramjee 2025","10.1145/3544548.3581503","Jo 2023"
"10.1145/3729479","Ramjee 2025","10.1145/3582515.3609536","Montagna 2023"
"10.1145/3729479","Ramjee 2025","10.1145/3610106","Tseng 2023"
"10.1145/3729479","Ramjee 2025","10.3390/jpm13121679","Ittarat 2023"
"10.1145/3729479","Ramjee 2025","10.1080/08164622.2023.2298812","Yılmaz 2024"
"10.1016/j.hlpt.2026.101244","Alaika 2026","10.4055/cios23181","Morya 2024"
"10.1016/j.hlpt.2026.101244","Alaika 2026","10.1007/s43390-024-00955-3","Lang 2024"
"10.1016/j.pec.2025.108677","Nickel 2025","10.1001/jamaoncol.2023.2947","Pan 2023"
"10.1016/j.smhl.2025.100552","Montagna 2025","10.1080/07853890.2024.2302980","Kurniawan 2024"
"10.2196/84234","Jafarnia 2026","10.1001/jamaoncol.2023.2947","Pan 2023"
"10.2196/84234","Jafarnia 2026","10.2196/47551","Li 2023"
"10.2196/84234","Jafarnia 2026","10.3233/shti250219","Denecke 2025"
"10.1093/jsxmed/qdag028","Mondal 2026","10.1177/09564624231180777","Nadarzynski 2023"
"10.1093/jsxmed/qdag028","Mondal 2026","10.1177/26318318251323714","Mondal 2025"
"10.1038/s41391-024-00826-y","Hershenhouse 2024","10.3390/healthcare11060887","Sallam 2023"
"10.1038/s41391-024-00826-y","Hershenhouse 2024","10.1016/j.eururo.2023.07.004","Musheyev 2023"
"10.1038/s41391-024-00826-y","Hershenhouse 2024","10.1001/jamaoncol.2023.2947","Pan 2023"
"10.1007/s10461-025-04786-9","Beegle 2025","10.1111/hiv.13604","Koh 2024"
"10.1038/s41366-025-01717-5","Annor 2025","10.2196/32578","Chew 2022"
"10.1038/s41366-025-01717-5","Annor 2025","10.1016/j.ijcard.2024.132115","Kozaily 2024"
"10.1016/j.jpsychires.2025.10.052","Roza 2025","10.1038/s44184-023-00047-6","Maples 2024"
"10.3390/healthcare13172114","Yüceer‐Çetiner 2025","10.2196/40789","Aggarwal 2023"
"10.3390/healthcare13172114","Yüceer‐Çetiner 2025","10.1016/j.jormas.2023.101757","Yurdakurban 2023"
"10.3390/healthcare13172114","Yüceer‐Çetiner 2025","10.1016/j.oooo.2025.01.001","Helvacıoğlu-Yiğit 2025"
"10.1177/17562872261441968","Cerrato 2026","10.1016/j.urology.2023.07.010","Whiles 2023"
"10.1177/17562872261441968","Cerrato 2026","10.1016/j.eururo.2023.07.004","Musheyev 2023"
"10.1177/17562872261441968","Cerrato 2026","10.1007/s00345-023-04563-0","Szczesniewski 2023"
"10.1177/17562872261441968","Cerrato 2026","10.1016/j.euros.2024.10.009","Carl 2024"
"10.15311/selcukdentj.1548369","Akpınar 2025","10.1016/j.jormas.2023.101471","Balel 2023"
"10.15311/selcukdentj.1548369","Akpınar 2025","10.1016/j.jormas.2023.101757","Yurdakurban 2023"
"10.1016/j.psychres.2025.116900","Desage 2025","10.1016/j.procs.2024.10.356","Desage 2024"
"10.1016/j.psychres.2025.116900","Desage 2025","10.1007/s41347-025-00519-w","Bunge 2025"
"10.1177/09564624251372369","Korkmaz 2025","10.1111/hiv.13604","Koh 2024"
"10.1177/09564624251372369","Korkmaz 2025","10.1097/jnc.0000000000000468","Chandler 2024"
"10.1177/09564624251372369","Korkmaz 2025","10.3390/children11060750","Engin 2024"
"10.1186/s43163-026-00990-z","Altas 2026","10.1007/s10916-025-02178-z","Yıldız 2025"
"10.1186/s43163-026-00990-z","Altas 2026","10.1016/j.ijmedinf.2025.105948","Büker 2025"
"10.1186/s43163-026-00990-z","Altas 2026","10.3390/healthcare13212670","Koluman 2025"
"10.1097/mao.0000000000004686","Hack 2025","10.2196/55939","Gibson 2024"
"10.1097/mao.0000000000004686","Hack 2025","10.2196/58831","Armbruster 2024"
"10.1097/mao.0000000000004686","Hack 2025","10.1097/scs.0000000000010678","Albehairi 2024"
"10.1097/mao.0000000000004686","Hack 2025","10.1093/bjd/ljae377","Kamminga 2024"
"10.1145/3772318.3791318","Shahnawaz 2026","10.2196/29969","Wang 2022"
"10.1145/3772318.3791318","Shahnawaz 2026","10.1145/3491102.3501996","Seaborn 2022"
"10.1145/3772318.3791318","Shahnawaz 2026","10.3389/fdgth.2023.1161098","Yeung 2023"
"10.1145/3772318.3791318","Shahnawaz 2026","10.1145/3544548.3580719","Harrington 2023"
"10.1145/3772318.3791318","Shahnawaz 2026","10.1038/s41746-024-01074-z","Abbasian 2024"
"10.1145/3772318.3791318","Shahnawaz 2026","10.1145/3706598.3713362","Deva 2025"
"10.1145/3772318.3791318","Shahnawaz 2026","10.2196/71977","Adhikary 2025"
"10.1145/3772318.3791318","Shahnawaz 2026","10.1145/3729479","Ramjee 2025"
"10.54005/geneltip.1735723","Sezen 2025","10.2196/47479","Walker 2023"
"10.54005/geneltip.1735723","Sezen 2025","10.2196/60939","Joshi 2024"
"10.54005/geneltip.1735723","Sezen 2025","10.3389/fdgth.2025.1616488","Tilton 2025"
"10.1016/j.pec.2025.109271","Liu 2025","10.1016/j.future.2021.08.015","Adikari 2021"
"10.1016/j.pec.2025.109271","Liu 2025","10.1145/3544548.3581384","Lee 2023"
"10.1016/j.pec.2025.109271","Liu 2025","10.2196/56930","Laymouna 2024"
"10.1016/j.pec.2025.109271","Liu 2025","10.3389/fpubh.2025.1530799","Wah 2025"
"10.1007/s11930-024-00397-y","Döring 2024","10.24251/hicss.2022.258","Xie 2022"
"10.1007/s11930-024-00397-y","Döring 2024","10.2196/29969","Wang 2022"
"10.1007/s11930-024-00397-y","Döring 2024","10.1177/09564624231180777","Nadarzynski 2023"
"10.1007/s11930-024-00397-y","Döring 2024","10.1016/j.chbr.2023.100323","Liew 2023"
"10.1007/s11930-024-00397-y","Döring 2024","10.1007/s00238-023-02125-6","Najafali 2023"
"10.1007/s11930-024-00397-y","Döring 2024","10.3389/fdgth.2023.1278186","Khawaja 2023"
"10.1007/s11930-024-00397-y","Döring 2024","10.2196/46758","Mills 2023"
"10.1007/s11930-024-00397-y","Döring 2024","10.1111/hiv.13604","Koh 2024"
"10.1007/s11930-024-00397-y","Döring 2024","10.1038/s44184-023-00047-6","Maples 2024"
"10.1007/s11930-024-00397-y","Döring 2024","10.3389/fdgth.2024.1287186","McMahon 2024"
"10.1007/s11930-024-00397-y","Döring 2024","10.1097/jnc.0000000000000468","Chandler 2024"
"10.23736/s0022-4707.25.17137-5","Lavi 2025","10.2196/47564","Shahsavar 2023"
"10.23736/s0022-4707.25.17137-5","Lavi 2025","10.1001/jamaoncol.2023.2947","Pan 2023"
"10.23736/s0022-4707.25.17137-5","Lavi 2025","10.2196/55939","Gibson 2024"
"10.23736/s0022-4707.25.17137-5","Lavi 2025","10.6004/jnccn.2023.7334","Abreu 2024"
"10.23736/s0022-4707.25.17137-5","Lavi 2025","10.1001/jamanetworkopen.2024.22275","Musheyev 2024"
"10.23736/s0022-4707.25.17137-5","Lavi 2025","10.1007/s44163-024-00189-2","Phillips 2024"
"10.1186/s12982-026-02067-x","Shankar 2026","10.2196/47564","Shahsavar 2023"
"10.1186/s12982-026-02067-x","Shankar 2026","10.2196/60291","Yau 2024"
"10.1186/s12982-026-02067-x","Shankar 2026","10.2196/58831","Armbruster 2024"
"10.1186/s12982-026-02067-x","Shankar 2026","10.2196/68560","Yun 2025"
"10.1186/s12982-026-02067-x","Shankar 2026","10.2196/75849","Moëll 2025"
"10.1016/j.jaip.2025.04.051","Nigro 2025","10.1016/j.jaip.2023.05.042","Göktaş 2023"
"10.5435/jaaos-d-24-01274","Ramlawi 2025","10.3390/healthcare11060887","Sallam 2023"
"10.5435/jaaos-d-24-01274","Ramlawi 2025","10.1093/eurjcn/zvad038","Bulck 2023"
"10.5435/jaaos-d-24-01274","Ramlawi 2025","10.1093/europace/euad369","Hillmann 2023"
"10.5435/jaaos-d-24-01274","Ramlawi 2025","10.1038/s41433-023-02906-0","Cappellani 2024"
"10.1016/j.ajoint.2025.100188","Dhiman 2025","10.1111/opo.13207","Biswas 2023"
"10.1016/j.chb.2025.108718","Reinhardt 2025","10.3390/healthcare11060887","Sallam 2023"
"10.1016/j.chb.2025.108718","Reinhardt 2025","10.1080/0194262x.2023.2250835","Shboul 2023"
"10.1007/s00393-024-01535-6","Keyßer 2024","10.3390/healthcare11060887","Sallam 2023"
"10.2147/jmdh.s579872","Wu 2026","10.1177/20552076231183542","Coghlan 2023"
"10.2147/jmdh.s579872","Wu 2026","10.2196/47960","Karkosz 2023"
"10.2147/jmdh.s579872","Wu 2026","10.3389/fdgth.2023.1278186","Khawaja 2023"
"10.2147/jmdh.s579872","Wu 2026","10.2196/48168","Jabir 2023"
"10.2147/jmdh.s579872","Wu 2026","10.1038/s41746-023-00979-5","Li 2023"
"10.2147/jmdh.s579872","Wu 2026","10.1037/neu0000948","León-Domínguez 2024"
"10.2147/jmdh.s579872","Wu 2026","10.2196/62758","Park 2024"
"10.2147/jmdh.s579872","Wu 2026","10.3390/children12030359","Mansoor 2025"
"10.2147/jmdh.s579872","Wu 2026","10.2196/70436","Tong 2025"
"10.2147/jmdh.s579872","Wu 2026","10.2196/69449","Ding 2025"
"10.2147/jmdh.s579872","Wu 2026","10.2196/70960","Fujita 2025"
"10.1016/j.jaip.2025.03.030","Mathes 2025","10.1016/j.jaip.2023.05.042","Göktaş 2023"
"10.1016/j.jaip.2025.03.030","Mathes 2025","10.1038/s41433-023-02906-0","Cappellani 2024"
"10.1016/j.jaip.2025.03.030","Mathes 2025","10.1080/08820538.2024.2326058","Cohen 2024"
"10.1097/bsd.0000000000002084","Özgür 2026","10.1016/j.urology.2023.07.010","Whiles 2023"
"10.1097/bsd.0000000000002084","Özgür 2026","10.1186/s43019-024-00218-5","Zhang 2024"
"10.1097/bsd.0000000000002084","Özgür 2026","10.2196/50344","Zawati 2024"
"10.1007/s11678-024-00836-1","Youssef 2024","10.2196/47564","Shahsavar 2023"
"10.1007/s11678-024-00836-1","Youssef 2024","10.2196/47479","Walker 2023"
"10.1007/s11678-024-00836-1","Youssef 2024","10.1080/0194262x.2023.2250835","Shboul 2023"
"10.3390/jcm15103908","Aljaafari 2026","10.2196/56930","Laymouna 2024"
"10.3390/jcm15103908","Aljaafari 2026","10.1007/s10916-025-02178-z","Yıldız 2025"
"10.3390/jcm15103908","Aljaafari 2026","10.3390/jcm14217804","Patel 2025"
"10.3390/jcm15103908","Aljaafari 2026","10.1186/s12903-025-07298-z","Özdemir 2025"
"10.3390/jcm15103908","Aljaafari 2026","10.1007/s10067-025-07771-8","Çelik 2025"
"10.1186/s12903-025-07298-z","Özdemir 2025","10.1016/j.ssci.2023.106244","Oviedo-Trespalacios 2023"
"10.1186/s12903-025-07298-z","Özdemir 2025","10.1007/s00464-024-10739-5","Ghanem 2024"
"10.1186/s12903-025-07298-z","Özdemir 2025","10.3390/children11060750","Engin 2024"
"10.1186/s12903-025-07298-z","Özdemir 2025","10.1186/s12911-024-02619-8","Dursun 2024"
"10.1186/s12903-025-07298-z","Özdemir 2025","10.1097/md.0000000000039305","Hancı 2024"
"10.1186/s12903-025-07298-z","Özdemir 2025","10.3390/jcm13216512","Reyhan 2024"
"10.1186/s12903-025-07298-z","Özdemir 2025","10.1111/edt.13020","Güven 2024"
"10.1186/s12903-025-07298-z","Özdemir 2025","10.1007/s40368-025-01012-x","Dermata 2025"
"10.1016/j.ijoa.2025.104353","Keasler 2025","10.1038/s41746-024-01074-z","Abbasian 2024"
"10.1016/j.brachy.2025.10.005","Kouzy 2025","10.1001/jamaoncol.2023.2947","Pan 2023"
"10.1111/jerd.70172","Şişmanoğlu 2026","10.1016/j.ajodo.2025.04.008","Metin 2025"
"10.1111/jerd.70172","Şişmanoğlu 2026","10.1590/1678-7757-2025-0321","Dufey-Portilla 2025"
"10.1111/jerd.70172","Şişmanoğlu 2026","10.3389/fdgth.2025.1710159","Alhaddad 2025"
"10.1007/s00210-026-05561-w","Sametinger 2026","10.1136/bmjqs-2024-017476","Andrikyan 2024"
"10.1007/s00210-026-05561-w","Sametinger 2026","10.1093/oncolo/oyaf038","Chen 2025"
"10.1177/20552076261458961","Li 2026","10.1016/j.ipm.2023.103444","Wang 2023"
"10.1177/20552076261458961","Li 2026","10.1016/j.techfore.2024.123407","Liu 2024"
"10.1186/s12903-026-07751-7","Karadeniz 2026","10.1111/edt.13000","Johnson 2024"
"10.1186/s12903-026-07751-7","Karadeniz 2026","10.1111/edt.13020","Güven 2024"
"10.1186/s12903-026-07751-7","Karadeniz 2026","10.1186/s12903-025-05965-9","Esmailpour 2025"
"10.1186/s12903-026-07751-7","Karadeniz 2026","10.1186/s12903-025-06105-z","Taraç 2025"
"10.1186/s12903-026-07751-7","Karadeniz 2026","10.1186/s12903-025-06267-w","Özcivelek 2025"
"10.1186/s12903-026-07751-7","Karadeniz 2026","10.1016/j.prosdent.2025.06.030","Topdağı 2025"
"10.3390/diagnostics15141834","Arzu 2025","10.1097/bpo.0000000000002681","Adelstein 2024"
"10.3390/diagnostics15141834","Arzu 2025","10.1097/md.0000000000038009","Gül 2024"
"10.3390/diagnostics15141834","Arzu 2025","10.4055/cios23181","Morya 2024"
"10.3390/diagnostics15141834","Arzu 2025","10.1097/md.0000000000039305","Hancı 2024"
"10.1155/jobe/2376530","Izadi 2026","10.3390/healthcare11060887","Sallam 2023"
"10.1155/jobe/2376530","Izadi 2026","10.2196/47479","Walker 2023"
"10.1155/jobe/2376530","Izadi 2026","10.1371/journal.pone.0296151","Choudhury 2024"
"10.1177/10711813251357910","Nguyen 2025","10.2196/41017","Biro 2023"
"10.1177/10711813251357910","Nguyen 2025","10.2196/47564","Shahsavar 2023"
"10.1177/10711813251357910","Nguyen 2025","10.2196/42506","Au 2023"
"10.1177/10711813251357910","Nguyen 2025","10.1136/bmjhci-2024-101045","Yoon 2024"
"10.1186/s12903-026-07884-9","Kaya 2026","10.1001/jamaoncol.2023.2947","Pan 2023"
"10.1186/s12903-026-07884-9","Kaya 2026","10.1186/s12911-024-02619-8","Dursun 2024"
"10.1186/s12903-026-07884-9","Kaya 2026","10.2196/60291","Yau 2024"
"10.1186/s12903-026-07884-9","Kaya 2026","10.1016/j.prosdent.2024.12.016","Taymour 2025"
"10.1186/s12903-026-07884-9","Kaya 2026","10.1186/s12903-025-05965-9","Esmailpour 2025"
"10.1186/s12903-026-07884-9","Kaya 2026","10.1186/s12903-025-06267-w","Özcivelek 2025"
"10.1186/s12903-026-07884-9","Kaya 2026","10.1016/j.prosdent.2025.06.030","Topdağı 2025"
"10.1016/j.knee.2025.06.018","Zhang 2025","10.1016/j.urology.2023.07.010","Whiles 2023"
"10.1016/j.knee.2025.06.018","Zhang 2025","10.1186/s43019-024-00218-5","Zhang 2024"
"10.1080/10447318.2026.2634975","Nadeeshani 2026","10.1038/s41746-023-00979-5","Li 2023"
"10.1111/cts.70499","Abosamak 2026","10.2196/40789","Aggarwal 2023"
"10.1111/cts.70499","Abosamak 2026","10.6004/jnccn.2023.7334","Abreu 2024"
"10.1097/scs.0000000000012417","Gaş 2026","10.3390/healthcare11060887","Sallam 2023"
"10.1097/scs.0000000000012417","Gaş 2026","10.1016/j.jormas.2023.101471","Balel 2023"
"10.1097/scs.0000000000012417","Gaş 2026","10.1186/s12911-024-02619-8","Dursun 2024"
"10.1097/scs.0000000000012417","Gaş 2026","10.1111/edt.13020","Güven 2024"
"10.1097/scs.0000000000012417","Gaş 2026","10.1016/j.oooo.2025.01.001","Helvacıoğlu-Yiğit 2025"
"10.1097/scs.0000000000012417","Gaş 2026","10.1186/s12903-025-05965-9","Esmailpour 2025"
"10.1097/scs.0000000000012417","Gaş 2026","10.1186/s12903-025-06267-w","Özcivelek 2025"
"10.1136/bmjopen-2024-095360","Jiang 2025","10.2196/47134","Jiang 2023"
"10.1016/j.asmr.2024.101043","Gupta 2024","10.1016/j.eururo.2023.07.004","Musheyev 2023"
"10.1016/j.asmr.2024.101043","Gupta 2024","10.1007/s10916-024-02056-0","Şahin 2024"
"10.1097/mou.0000000000001301","Bracey 2025","10.2196/29969","Wang 2022"
"10.1097/mou.0000000000001301","Bracey 2025","10.2196/40789","Aggarwal 2023"
"10.1097/mou.0000000000001301","Bracey 2025","10.2196/55939","Gibson 2024"
"10.1097/mou.0000000000001301","Bracey 2025","10.3390/diseases12080185","Acharya 2024"
"10.1097/mou.0000000000001301","Bracey 2025","10.1016/j.euros.2024.08.022","Baumgärtner 2024"
"10.1097/mou.0000000000001301","Bracey 2025","10.3389/fonc.2024.1457516","Halawani 2024"
"10.1097/mou.0000000000001301","Bracey 2025","10.1016/j.euros.2024.10.009","Carl 2024"
"10.1111/bju.16676","Carl 2025","10.1038/s41391-024-00826-y","Hershenhouse 2024"
"10.1111/bju.16676","Carl 2025","10.1016/j.euros.2024.10.009","Carl 2024"
"10.1177/10711813251370743","Strachna 2025","10.2196/58831","Armbruster 2024"
"10.1177/10711813251370743","Strachna 2025","10.1016/j.euros.2024.10.009","Carl 2024"
"10.1177/10711813251370743","Strachna 2025","10.3390/clinpract14060186","Frodl 2024"
"10.1177/10711813251370743","Strachna 2025","10.1016/j.aopr.2024.12.002","Cao 2024"
"10.3390/info17050439","Song 2026","10.1016/j.vaccine.2024.126559","Cosma 2024"
"10.3390/info17050439","Song 2026","10.1016/j.tele.2025.102240","Ng 2025"
"10.20517/2347-9264.2026.17","Li 2026","10.1007/s00266-023-03709-0","Liu 2023"
"10.20517/2347-9264.2026.17","Li 2026","10.1136/bmjhci-2023-100985","Lin 2024"
"10.1038/s41746-025-01968-6","Mahajan 2025","10.1038/s41746-023-00979-5","Li 2023"
"10.4274/tjd.galenos.2025.06977","Bostan 2025","10.1186/s12911-024-02619-8","Dursun 2024"
"10.4274/tjd.galenos.2025.06977","Bostan 2025","10.1093/bjd/ljae377","Kamminga 2024"
"10.1007/s11701-025-02871-8","Davuluri 2025","10.2196/47564","Shahsavar 2023"
"10.1007/s11701-025-02871-8","Davuluri 2025","10.3389/fonc.2023.1256459","Kuşçu 2023"
"10.1007/s11701-025-02871-8","Davuluri 2025","10.2196/56628","Hindelang 2024"
"10.1007/s11701-025-02871-8","Davuluri 2025","10.1016/j.clgc.2024.102206","Erkan 2024"
"10.1007/s11701-025-02871-8","Davuluri 2025","10.1590/1806-9282.20240891","Özcan 2024"
"10.1007/s11701-025-02871-8","Davuluri 2025","10.1007/s40123-025-01142-x","Delsoz 2025"
"10.1080/14681811.2026.2679065","Savaya 2026","10.1080/10447318.2024.2376808","Fetrati 2024"
"10.1016/j.knosys.2026.116241","Raipal 2026","10.2196/32578","Chew 2022"
"10.1016/j.knosys.2026.116241","Raipal 2026","10.2196/40789","Aggarwal 2023"
"10.37394/23208.2026.23.10","Kabeya 2026","10.3390/info16070549","Chow 2025"
"10.1136/bmjopen-2025-102637","Huang 2026","10.24251/hicss.2022.258","Xie 2022"
"10.1136/bmjopen-2025-102637","Huang 2026","10.1016/j.eururo.2023.07.004","Musheyev 2023"
"10.1136/bmjopen-2025-102637","Huang 2026","10.1001/jamaoncol.2023.2947","Pan 2023"
"10.1136/bmjopen-2025-102637","Huang 2026","10.1089/thy.2023.0491","Campbell 2023"
"10.1136/bmjopen-2025-102637","Huang 2026","10.2196/47551","Li 2023"
"10.1136/bmjopen-2025-102637","Huang 2026","10.1093/europace/euad369","Hillmann 2023"
"10.1136/bmjopen-2025-102637","Huang 2026","10.2196/56930","Laymouna 2024"
"10.1136/bmjopen-2025-102637","Huang 2026","10.1371/journal.pdig.0000492","Nadarzynski 2024"
"10.1136/bmjopen-2025-102637","Huang 2026","10.2196/55939","Gibson 2024"
"10.1136/bmjopen-2025-102637","Huang 2026","10.1038/s41391-024-00826-y","Hershenhouse 2024"
"10.1136/bmjopen-2025-102637","Huang 2026","10.1001/jamanetworkopen.2024.22275","Musheyev 2024"
"10.1136/bmjopen-2025-102637","Huang 2026","10.2196/60291","Yau 2024"
"10.1136/bmjopen-2025-102637","Huang 2026","10.1002/oto2.70011","Sina 2024"
"10.1136/bmjopen-2025-102637","Huang 2026","10.1016/j.euros.2024.08.022","Baumgärtner 2024"
"10.1136/bmjopen-2025-102637","Huang 2026","10.1038/s44184-024-00097-4","Siddals 2024"
"10.1136/bmjopen-2025-102637","Huang 2026","10.1016/j.ejca.2025.115274","Menz 2025"
"10.1136/bmjopen-2025-102637","Huang 2026","10.2196/68560","Yun 2025"
"10.1136/bmjopen-2025-102637","Huang 2026","10.1093/oncolo/oyaf038","Chen 2025"
"10.1136/bmjopen-2025-102637","Huang 2026","10.2196/71418","Zeng 2025"
"10.1136/bmjopen-2025-102637","Huang 2026","10.2196/68426","Boie 2025"
"10.1136/bmjopen-2025-102637","Huang 2026","10.1111/jocn.70020","Li 2025"
"10.1136/bmjopen-2025-102637","Huang 2026","10.1136/bmjopen-2025-099824","Chen 2025"
"10.47102/annals-acadmedsg.2025351","Huang 2026","10.1093/schbul/sbad128","Østergaard 2023"
"10.3390/fi18030139","Heiler 2026","10.1016/j.japh.2024.102110","Cornelison 2024"
"10.2196/84668","Reis 2026","10.2196/47564","Shahsavar 2023"
"10.2196/84668","Reis 2026","10.2196/68560","Yun 2025"
"10.1016/j.apergo.2025.104515","Koscelny 2025","10.2196/41017","Biro 2023"
"10.1016/j.apergo.2025.104515","Koscelny 2025","10.2196/40789","Aggarwal 2023"
"10.1016/j.apergo.2025.104515","Koscelny 2025","10.2196/47564","Shahsavar 2023"
"10.1016/j.apergo.2025.104515","Koscelny 2025","10.1038/s41746-024-01074-z","Abbasian 2024"
"10.1097/j.jcrs.0000000000001683","Daungsupawong 2025","10.1097/j.jcrs.0000000000001622","Thompson 2025"
"10.1016/j.prosdent.2024.12.016","Taymour 2025","10.1080/08820538.2024.2326058","Cohen 2024"
"10.1016/j.prosdent.2024.12.016","Taymour 2025","10.1016/j.ejwf.2024.09.004","Aziz 2024"
"10.1007/s12020-025-04491-6","Basmaci 2026","10.1097/md.0000000000038009","Gül 2024"
"10.1007/s12020-025-04491-6","Basmaci 2026","10.1007/s12020-024-04121-7","Güneşli 2024"
"10.1177/26318318251323714","Mondal 2025","10.2196/29969","Wang 2022"
"10.1177/26318318251323714","Mondal 2025","10.3390/healthcare11060887","Sallam 2023"
"10.1177/26318318251323714","Mondal 2025","10.1177/09564624231180777","Nadarzynski 2023"
"10.1177/26318318251323714","Mondal 2025","10.2196/47551","Li 2023"
"10.1177/26318318251323714","Mondal 2025","10.1080/08820538.2024.2326058","Cohen 2024"
"10.2147/jmdh.s609048","Rizkiyah 2026","10.1016/j.ssmmh.2025.100504","Indrayanti 2025"
"10.1016/j.hlpt.2025.101032","Germani 2025","10.1080/15265161.2022.2048739","Sedláková 2022"
"10.1016/j.hlpt.2025.101032","Germani 2025","10.2196/40789","Aggarwal 2023"
"10.1093/jamia/ocaf164","Dellavalle 2025","10.2196/40789","Aggarwal 2023"
"10.1093/jamia/ocaf164","Dellavalle 2025","10.1177/20552076231183542","Coghlan 2023"
"10.1093/jamia/ocaf164","Dellavalle 2025","10.1561/116.00000064","Xue 2024"
"10.1093/jamia/ocaf164","Dellavalle 2025","10.1111/jgs.19393","Ellis 2025"
"10.3390/jcm15020692","Onan 2026","10.1080/07853890.2024.2302980","Kurniawan 2024"
"10.3390/jcm15020692","Onan 2026","10.3390/diseases12080185","Acharya 2024"
"10.3390/jcm15020692","Onan 2026","10.1007/s13187-025-02592-4","McLean 2025"
"10.3390/jcm15020692","Onan 2026","10.1038/s41443-025-01098-3","Kayra 2025"
"10.1080/08869634.2026.2670637","Akkor 2026","10.2196/40789","Aggarwal 2023"
"10.1080/08869634.2026.2670637","Akkor 2026","10.1016/j.jormas.2023.101757","Yurdakurban 2023"
"10.1080/08869634.2026.2670637","Akkor 2026","10.1016/j.prosdent.2024.12.016","Taymour 2025"
"10.1080/08869634.2026.2670637","Akkor 2026","10.1016/j.joms.2025.08.012","Pagotto 2025"
"10.3390/healthcare14101339","Akcan 2026","10.1016/j.jormas.2023.101471","Balel 2023"
"10.3390/healthcare14101339","Akcan 2026","10.1016/j.urology.2023.07.010","Whiles 2023"
"10.3390/healthcare14101339","Akcan 2026","10.2196/55939","Gibson 2024"
"10.3390/healthcare14101339","Akcan 2026","10.1186/s12911-024-02619-8","Dursun 2024"
"10.3390/healthcare14101339","Akcan 2026","10.1016/j.oooo.2025.01.001","Helvacıoğlu-Yiğit 2025"
"10.1016/j.jpurol.2025.08.029","Stapleton 2025","10.2196/47479","Walker 2023"
"10.1016/j.jpurol.2025.08.029","Stapleton 2025","10.1001/jamaoncol.2023.2947","Pan 2023"
"10.1016/j.jpurol.2025.08.029","Stapleton 2025","10.1089/end.2023.0484","Musheyev 2024"
"10.1002/ohn.70030","Ho 2025","10.1080/00016489.2023.2254809","Nielsen 2023"
"10.1002/ohn.70030","Ho 2025","10.3390/children11060750","Engin 2024"
"10.1002/ohn.70030","Ho 2025","10.1097/scs.0000000000010678","Albehairi 2024"
"10.1002/ohn.70030","Ho 2025","10.1016/j.jcms.2024.10.002","Vaira 2024"
"10.1016/j.urology.2025.01.054","Stapleton 2025","10.2196/47479","Walker 2023"
"10.1016/j.urology.2025.01.054","Stapleton 2025","10.1016/j.eururo.2023.07.004","Musheyev 2023"
"10.1016/j.urology.2025.01.054","Stapleton 2025","10.1001/jamaoncol.2023.2947","Pan 2023"
"10.1016/j.urology.2025.01.054","Stapleton 2025","10.1089/end.2023.0484","Musheyev 2024"
"10.1016/j.hansur.2025.102082","White 2025","10.1016/j.jhsa.2023.10.019","Christy 2023"
"10.1080/0144929x.2025.2477757","Hopman 2025","10.1111/bjet.13174","Nelekar 2021"
"10.1080/0144929x.2025.2477757","Hopman 2025","10.1016/b978-0-323-90045-4.00010-1","Bickmore 2022"
"10.1080/0144929x.2025.2477757","Hopman 2025","10.3390/healthcare11081061","Denecke 2023"
"10.1080/0144929x.2025.2477757","Hopman 2025","10.3390/mti7060057","Hopman 2023"
"10.1080/0144929x.2025.2477757","Hopman 2025","10.2196/50454","Schillings 2024"
"10.1111/andr.70236","Tulone 2026","10.2196/56930","Laymouna 2024"
"10.1111/andr.70236","Tulone 2026","10.3390/jcm14051676","Troian 2025"
"10.3389/fcomm.2025.1684370","Ponce-Rojo 2026","10.1177/20552076251319174","Barreda 2025"
"10.3389/fcomm.2025.1684370","Ponce-Rojo 2026","10.3390/fi17040145","Branda 2025"
"10.1016/j.bjps.2025.07.038","Dagi 2025","10.1007/s00266-023-03709-0","Liu 2023"
"10.1016/j.bjps.2025.07.038","Dagi 2025","10.2196/68560","Yun 2025"
"10.1016/j.prosdent.2025.09.009","Prasad 2025","10.1016/j.ijcard.2024.132115","Kozaily 2024"
"10.1016/j.prosdent.2025.09.009","Prasad 2025","10.3389/fpsyt.2024.1414439","Monaco 2024"
"10.1016/j.prosdent.2025.09.009","Prasad 2025","10.3389/fonc.2024.1457516","Halawani 2024"
"10.1016/j.prosdent.2025.09.009","Prasad 2025","10.1136/bmjophth-2024-001824","Azzopardi 2024"
"10.1016/j.prosdent.2025.09.009","Prasad 2025","10.1016/j.csbj.2024.10.050","Gumilar 2024"
"10.1016/j.prosdent.2025.09.009","Prasad 2025","10.1016/j.prosdent.2024.12.016","Taymour 2025"
"10.1016/j.prosdent.2025.09.009","Prasad 2025","10.1186/s12903-025-06267-w","Özcivelek 2025"
"10.1136/bmjhci-2025-101632","Pumpo 2025","10.1093/eurjcn/zvad038","Bulck 2023"
"10.1136/bmjhci-2025-101632","Pumpo 2025","10.1136/bmj-2023-078538","Menz 2024"
"10.1136/bmjhci-2025-101632","Pumpo 2025","10.2196/58831","Armbruster 2024"
"10.1136/bmjhci-2025-101632","Pumpo 2025","10.1136/bmjophth-2024-001824","Azzopardi 2024"
"10.1002/jgc4.70081","Moultrie 2025","10.1001/jamanetworkopen.2024.32143","Kaphingst 2024"
"10.1007/s00405-025-09433-6","Hack 2025","10.1002/oto2.70011","Sina 2024"
"10.1007/s00405-025-09433-6","Hack 2025","10.1097/scs.0000000000010678","Albehairi 2024"
"10.1007/s00405-025-09433-6","Hack 2025","10.2196/60939","Joshi 2024"
"10.1063/5.0299097","Reddy 2025","10.3390/healthcare11060887","Sallam 2023"
"10.1007/s13193-024-02145-z","Naseri 2024","10.2147/ijgm.s408208","Wang 2023"
"10.1007/s13193-024-02145-z","Naseri 2024","10.2196/56930","Laymouna 2024"
"10.1016/j.identj.2025.109401","Akitomo 2026","10.1111/ipd.13283","Elkarmi 2024"
"10.1016/j.identj.2025.109401","Akitomo 2026","10.1007/s40368-025-01012-x","Dermata 2025"
"10.1016/j.identj.2025.109401","Akitomo 2026","10.1186/s12903-025-06105-z","Taraç 2025"
"10.1016/j.xops.2024.100681","Agnihotri 2024","10.1111/opo.13207","Biswas 2023"
"10.1016/j.xops.2024.100681","Agnihotri 2024","10.1016/j.xops.2023.100394","Tan 2023"
"10.1016/j.xops.2024.100681","Agnihotri 2024","10.1097/iae.0000000000004044","Patil 2024"
"10.1016/j.xops.2024.100681","Agnihotri 2024","10.1038/s41433-023-02906-0","Cappellani 2024"
"10.1016/j.xops.2024.100681","Agnihotri 2024","10.1097/icu.0000000000001036","Momenaei 2024"
"10.1016/j.xops.2024.100681","Agnihotri 2024","10.1111/opo.13284","Biswas 2024"
"10.1016/j.xops.2024.100681","Agnihotri 2024","10.1136/bjo-2023-324533","Cheong 2024"
"10.1186/s12889-025-25386-1","Mina 2025","10.2196/40789","Aggarwal 2023"
"10.1186/s12889-025-25386-1","Mina 2025","10.2196/47564","Shahsavar 2023"
"10.1186/s12889-025-25386-1","Mina 2025","10.1177/20552076231183542","Coghlan 2023"
"10.1186/s12889-025-25386-1","Mina 2025","10.2196/48966","Hristidis 2023"
"10.1186/s12889-025-25386-1","Mina 2025","10.3389/fcomm.2023.1275127","Branley-Bell 2023"
"10.1186/s12889-025-25386-1","Mina 2025","10.2196/58831","Armbruster 2024"
"10.1186/s12889-025-25386-1","Mina 2025","10.1186/s12889-025-22933-8","Latt 2025"
"10.1038/s41598-025-94576-z","Terzi 2025","10.1016/j.jormas.2023.101471","Balel 2023"
"10.1186/s43163-026-01049-9","Gojayev 2026","10.1002/ohn.807","Lechien 2024"
"10.1016/j.chipro.2025.100167","Nguyen 2025","10.2196/40789","Aggarwal 2023"
"10.1016/j.chipro.2025.100167","Nguyen 2025","10.1016/j.acra.2023.08.020","Kuckelman 2023"
"10.1002/jgc4.70119","Siglen 2025","10.1016/j.pec.2021.09.027","Siglen 2021"
"10.1002/jgc4.70119","Siglen 2025","10.1200/cci.23.00123","Webster 2023"
"10.1002/jgc4.70119","Siglen 2025","10.1001/jamanetworkopen.2024.32143","Kaphingst 2024"
"10.1016/j.neuri.2025.100213","Hidayatullah 2025","10.1177/20552076241253523","Albogami 2024"
"10.1016/j.neuri.2025.100213","Hidayatullah 2025","10.21037/jhmhp-24-54","Chen 2024"
"10.1016/j.neuri.2025.100213","Hidayatullah 2025","10.1080/02770903.2025.2450482","Ghozali 2025"
"10.1111/zph.70059","Çetinkaya 2026","10.1097/md.0000000000039305","Hancı 2024"
"10.1111/zph.70059","Çetinkaya 2026","10.3390/healthcare13111344","Yetkin 2025"
"10.3390/app152312441","Parenti 2025","10.3390/healthcare11060887","Sallam 2023"
"10.3390/app152312441","Parenti 2025","10.1111/ocr.12939","Hassan 2025"
"10.1177/10507256251414974","Beiriger 2026","10.3389/fdgth.2023.1161098","Yeung 2023"
"10.1177/10507256251414974","Beiriger 2026","10.1089/thy.2023.0491","Campbell 2023"
"10.1177/10507256251414974","Beiriger 2026","10.3389/fonc.2023.1256459","Kuşçu 2023"
"10.1177/10507256251414974","Beiriger 2026","10.1016/j.japh.2024.102110","Cornelison 2024"
"10.1177/10507256251414974","Beiriger 2026","10.1002/oto2.70170","Palmer 2025"
"10.1016/j.bjoms.2025.08.008","Gohari 2025","10.1111/ocr.12939","Hassan 2025"
"10.1186/s12888-025-07671-w","Dai 2025","10.1080/15265161.2022.2048739","Sedláková 2022"
"10.1186/s12888-025-07671-w","Dai 2025","10.1038/s41746-023-00979-5","Li 2023"
"10.1186/s12888-025-07671-w","Dai 2025","10.1038/s44184-023-00047-6","Maples 2024"
"10.1186/s12888-025-07671-w","Dai 2025","10.1038/s41591-024-02943-6","Freitas 2024"
"10.1186/s12888-025-07671-w","Dai 2025","10.1038/s44184-024-00097-4","Siddals 2024"
"10.1007/s00787-025-02867-7","Mutluer 2026","10.24138/jcomss-2022-0074","Hadri 2023"
"10.1007/s00787-025-02867-7","Mutluer 2026","10.2196/39934","Matheson 2023"
"10.1007/s00787-025-02867-7","Mutluer 2026","10.1038/s41746-023-00979-5","Li 2023"
"10.1007/s00787-025-02867-7","Mutluer 2026","10.1038/s41746-024-01072-1","Balan 2024"
"10.1007/s00787-025-02867-7","Mutluer 2026","10.1097/cin.0000000000001349","Ye 2025"
"10.1186/s12903-025-06105-z","Taraç 2025","10.1007/s00405-023-08104-8","Chiesa‐Estomba 2023"
"10.1186/s12903-025-06105-z","Taraç 2025","10.1001/jamaoncol.2023.2947","Pan 2023"
"10.1186/s12903-025-06105-z","Taraç 2025","10.1007/s00464-024-10739-5","Ghanem 2024"
"10.1186/s12903-025-06105-z","Taraç 2025","10.1111/edt.13000","Johnson 2024"
"10.1186/s12903-025-06105-z","Taraç 2025","10.1111/edt.13020","Güven 2024"
"10.1016/j.bjps.2025.04.021","Hendizadeh 2025","10.1001/jamanetworkopen.2024.22275","Musheyev 2024"
"10.1016/j.jfludis.2025.106149","Saeedi 2025","10.2196/48966","Hristidis 2023"
"10.1016/j.jfludis.2025.106149","Saeedi 2025","10.1089/thy.2023.0491","Campbell 2023"
"10.1016/j.jfludis.2025.106149","Saeedi 2025","10.1016/j.ijmedinf.2024.105562","Olszewski 2024"
"10.1016/j.jfludis.2025.106149","Saeedi 2025","10.3390/brainsci15010047","Pergantis 2025"
"10.1016/j.prosdent.2025.10.032","Sivakumar 2025","10.1097/iop.0000000000002567","Al-Sharif 2024"
"10.1016/j.prosdent.2025.10.032","Sivakumar 2025","10.2196/60291","Yau 2024"
"10.1016/j.prosdent.2025.10.032","Sivakumar 2025","10.1007/s43390-024-00955-3","Lang 2024"
"10.1016/j.prosdent.2025.10.032","Sivakumar 2025","10.1111/edt.13020","Güven 2024"
"10.1016/j.prosdent.2025.10.032","Sivakumar 2025","10.1016/j.oooo.2025.01.001","Helvacıoğlu-Yiğit 2025"
"10.1016/j.prosdent.2025.10.032","Sivakumar 2025","10.1186/s43055-025-01452-x","Marey 2025"
"10.1016/j.prosdent.2025.10.032","Sivakumar 2025","10.1186/s12903-025-05965-9","Esmailpour 2025"
"10.1016/j.prosdent.2025.10.032","Sivakumar 2025","10.1016/j.ijmedinf.2025.105948","Büker 2025"
"10.1016/j.prosdent.2025.10.032","Sivakumar 2025","10.1016/j.joen.2025.04.015","Aljamani 2025"
"10.1016/j.prosdent.2025.10.032","Sivakumar 2025","10.1186/s12903-025-06267-w","Özcivelek 2025"
"10.1038/s41746-025-01611-4","Hua 2025","10.1145/3594806.3596580","Ni 2023"
"10.1038/s41746-025-01611-4","Hua 2025","10.1145/3589334.3645643","Jin 2024"
"10.1038/s41746-025-01611-4","Hua 2025","10.18653/v1/2024.findings-emnlp.120","Gabriel 2024"
"10.1177/11206721261445529","Shweta 2026","10.1111/opo.13207","Biswas 2023"
"10.1177/11206721261445529","Shweta 2026","10.1177/11206721241272251","Ahmed 2024"
"10.1177/11206721261445529","Shweta 2026","10.1016/j.ijmedinf.2024.105592","Yılmaz 2024"
"10.1177/11206721261445529","Shweta 2026","10.1016/j.ajoint.2025.100188","Dhiman 2025"
"10.1002/wjo2.70009","Bentan 2025","10.1080/00016489.2023.2254809","Nielsen 2023"
"10.1002/wjo2.70009","Bentan 2025","10.1002/lary.31243","Lee 2023"
"10.1002/wjo2.70009","Bentan 2025","10.1007/s00405-024-08560-w","Lechien 2024"
"10.3390/jcm14238595","Haider 2025","10.1097/gox.0000000000006202","Kim 2024"
"10.3390/jcm14238595","Haider 2025","10.2196/63503","Coleman 2025"
"10.1016/j.jbmt.2025.05.043","Demiroglu 2025","10.1089/end.2023.0484","Musheyev 2024"
"10.3390/brainsci15040391","Barajraji 2025","10.1097/coc.0000000000001050","Janopaul‐Naylor 2023"
"10.3390/brainsci15040391","Barajraji 2025","10.3389/fonc.2023.1256459","Kuşçu 2023"
"10.3390/brainsci15040391","Barajraji 2025","10.1093/europace/euad369","Hillmann 2023"
"10.3390/brainsci15040391","Barajraji 2025","10.2196/54758","Xue 2024"
"10.3390/brainsci15040391","Barajraji 2025","10.1002/ohn.807","Lechien 2024"
"10.4103/jiaomr.jiaomr_380_25","Balajee 2026","10.1111/edt.13020","Güven 2024"
"10.4103/jiaomr.jiaomr_380_25","Balajee 2026","10.1016/j.oooo.2025.01.001","Helvacıoğlu-Yiğit 2025"
"10.4103/jiaomr.jiaomr_380_25","Balajee 2026","10.1186/s12903-025-05965-9","Esmailpour 2025"
"10.4103/jiaomr.jiaomr_380_25","Balajee 2026","10.1186/s12903-025-06267-w","Özcivelek 2025"
"10.1109/ichora69329.2026.11537121","Irfan 2026","10.1038/s41746-024-01074-z","Abbasian 2024"
"10.1109/ichora69329.2026.11537121","Irfan 2026","10.2196/58831","Armbruster 2024"
"10.1109/ichora69329.2026.11537121","Irfan 2026","10.2196/68560","Yun 2025"
"10.1109/ichora69329.2026.11537121","Irfan 2026","10.3390/info16121074","Howcroft 2025"
"10.3390/info16070549","Chow 2025","10.1016/j.pec.2023.108055","Yin 2023"
"10.3390/info16070549","Chow 2025","10.2196/47551","Li 2023"
"10.3390/info16070549","Chow 2025","10.1080/07853890.2024.2302980","Kurniawan 2024"
"10.3390/info16070549","Chow 2025","10.3390/biomedinformatics4010047","Chow 2024"
"10.3390/info16070549","Chow 2025","10.1136/bmj-2023-078538","Menz 2024"
"10.3390/info16070549","Chow 2025","10.1007/s10586-024-04515-2","Jalali 2024"
"10.3390/info16070549","Chow 2025","10.2196/56628","Hindelang 2024"
"10.3390/info16070549","Chow 2025","10.2196/64406","Chow 2024"
"10.3390/info16070549","Chow 2025","10.1089/cyber.2024.0199","Yeo 2024"
"10.3390/info16070549","Chow 2025","10.2196/66633","Chow 2025"
"10.1007/s40477-025-01071-2","Avidan 2025","10.1093/europace/euad369","Hillmann 2023"
"10.1016/j.jbct.2026.100595","Saputra 2026","10.1007/s41347-023-00315-4","Sanabria 2023"
"10.1016/j.jbct.2026.100595","Saputra 2026","10.2196/47960","Karkosz 2023"
"10.1016/j.jbct.2026.100595","Saputra 2026","10.3390/socsci13070381","Saeidnia 2024"
"10.1016/j.jbct.2026.100595","Saputra 2026","10.1007/s11930-024-00397-y","Döring 2024"
"10.1016/j.jbct.2026.100595","Saputra 2026","10.2196/63515","Graaff 2024"
"10.1111/jerd.13447","Özdemir 2025","10.1111/opo.13284","Biswas 2024"
"10.1111/jerd.13447","Özdemir 2025","10.2196/56930","Laymouna 2024"
"10.1111/jerd.13447","Özdemir 2025","10.35516/jmj.v58i2.2960","Podder 2024"
"10.1111/jerd.13447","Özdemir 2025","10.3390/jcm13216512","Reyhan 2024"
"10.1111/jerd.13447","Özdemir 2025","10.1038/s41598-024-85003-w","Azimi 2025"
"10.1136/bmjopen-2025-099824","Chen 2025","10.1001/jamaoncol.2023.2947","Pan 2023"
"10.1136/bmjopen-2025-099824","Chen 2025","10.1080/07853890.2024.2302980","Kurniawan 2024"
"10.1136/bmjopen-2025-099824","Chen 2025","10.6004/jnccn.2023.7334","Abreu 2024"
"10.1136/bmjopen-2025-099824","Chen 2025","10.1002/capr.12832","Yonatan‐Leus 2024"
"10.1136/bmjopen-2025-099824","Chen 2025","10.1136/bmjqs-2024-017476","Andrikyan 2024"
"10.1136/bmjopen-2025-099824","Chen 2025","10.3389/fpubh.2025.1530799","Wah 2025"
"10.1136/bmjopen-2025-099824","Chen 2025","10.2196/63058","Choo 2025"
"10.1136/bmjopen-2025-099824","Chen 2025","10.2196/68560","Yun 2025"
"10.1136/bmjopen-2025-099824","Chen 2025","10.1109/icses63760.2024.10910363","Gupta 2024"
"10.1136/bmjopen-2025-099824","Chen 2025","10.1007/s10916-025-02178-z","Yıldız 2025"
"10.1136/bmjopen-2025-099824","Chen 2025","10.1111/joes.12696","Mileti 2025"
"10.1136/bmjopen-2025-099824","Chen 2025","10.1016/j.apergo.2025.104515","Koscelny 2025"
"10.1177/09287329251341071","Xie 2025","10.1080/10447318.2021.1988236","Zhu 2021"
"10.1177/09287329251341071","Xie 2025","10.1097/phh.0000000000001781","Mane 2023"
"10.1177/09287329251341071","Xie 2025","10.1080/10447318.2023.2279402","Jin 2023"
"10.1177/09287329251341071","Xie 2025","10.1080/10447318.2023.2290378","Huang 2023"
"10.1177/09287329251341071","Xie 2025","10.1080/0144929x.2024.2347951","Jin 2024"
"10.1177/09287329251341071","Xie 2025","10.1080/10447318.2024.2344149","Cheng 2024"
"10.1177/09287329251341071","Xie 2025","10.1108/intr-08-2023-0702","Jin 2024"
"10.1177/09287329251341071","Xie 2025","10.1177/20563051251323391","Xie 2025"
"10.1007/s10916-025-02282-0","Hu 2025","10.1016/j.japh.2024.102119","Covington 2024"
"10.1007/s10916-025-02282-0","Hu 2025","10.2196/55939","Gibson 2024"
"10.1007/s10916-025-02282-0","Hu 2025","10.1136/ard-2024-226202","Scaff 2024"
"10.3390/cancers18060906","Al-Khanaty 2026","10.1016/j.eururo.2023.07.004","Musheyev 2023"
"10.3390/cancers18060906","Al-Khanaty 2026","10.2196/55939","Gibson 2024"
"10.3390/cancers18060906","Al-Khanaty 2026","10.1038/s41391-024-00826-y","Hershenhouse 2024"
"10.3390/cancers18060906","Al-Khanaty 2026","10.1089/end.2023.0484","Musheyev 2024"
"10.3390/cancers18060906","Al-Khanaty 2026","10.1016/j.clgc.2024.102206","Erkan 2024"
"10.3390/cancers18060906","Al-Khanaty 2026","10.1186/s12894-024-01570-0","Alasker 2024"
"10.3390/cancers18060906","Al-Khanaty 2026","10.1016/j.euros.2024.08.022","Baumgärtner 2024"
"10.3390/cancers18060906","Al-Khanaty 2026","10.3389/fonc.2024.1457516","Halawani 2024"
"10.3390/cancers18060906","Al-Khanaty 2026","10.1016/j.pec.2025.108677","Nickel 2025"
"10.3390/cancers18060906","Al-Khanaty 2026","10.1016/j.urology.2025.01.054","Stapleton 2025"
"10.3390/cancers18060906","Al-Khanaty 2026","10.1016/j.jpurol.2025.08.029","Stapleton 2025"
"10.3390/cancers18060906","Al-Khanaty 2026","10.1111/bju.70035","Santucci 2025"
"10.2196/81720","Sönmez 2026","10.1007/s10916-024-02056-0","Şahin 2024"
"10.2196/81720","Sönmez 2026","10.3390/children11060750","Engin 2024"
"10.2196/81720","Sönmez 2026","10.1002/lio2.70009","Yassa 2024"
"10.2196/81720","Sönmez 2026","10.1186/s12903-025-05965-9","Esmailpour 2025"
"10.2196/81720","Sönmez 2026","10.3390/healthcare13111344","Yetkin 2025"
"10.1038/s41443-025-01056-z","Bahçeci 2025","10.1016/j.eururo.2023.07.004","Musheyev 2023"
"10.1038/s41443-025-01056-z","Bahçeci 2025","10.2196/59434","Burns 2024"
"10.1093/jamia/ocaf211","Fiol 2025","10.2196/47217","Xue 2023"
"10.1093/jamia/ocaf211","Fiol 2025","10.1001/jamanetworkopen.2024.32143","Kaphingst 2024"
"10.1590/1806-9282.20251453","Rahman 2026","10.3390/healthcare11060887","Sallam 2023"
"10.1590/1806-9282.20251453","Rahman 2026","10.1177/17085381241240550","Chervonski 2024"
"10.1590/1806-9282.20251453","Rahman 2026","10.1080/08820538.2024.2326058","Cohen 2024"
"10.1007/s10462-025-11418-0","Ghorbian 2025","10.1007/978-3-031-34960-7_22","Cabrera 2023"
"10.1007/s10462-025-11418-0","Ghorbian 2025","10.2196/57400","Guo 2024"
"10.1097/j.jcrs.0000000000001622","Thompson 2025","10.1001/jamaoncol.2023.2947","Pan 2023"
"10.1097/j.jcrs.0000000000001622","Thompson 2025","10.1007/s00345-023-04563-0","Szczesniewski 2023"
"10.1097/j.jcrs.0000000000001622","Thompson 2025","10.1080/08164622.2023.2298812","Yılmaz 2024"
"10.1097/j.jcrs.0000000000001622","Thompson 2025","10.1080/08820538.2024.2326058","Cohen 2024"
"10.1097/j.jcrs.0000000000001622","Thompson 2025","10.1136/bmjophth-2024-001824","Azzopardi 2024"
"10.3390/fi17040145","Branda 2025","10.3390/app13116355","Jing 2023"
"10.3390/fi17040145","Branda 2025","10.1109/is3c57901.2023.00104","Haque 2023"
"10.3390/fi17040145","Branda 2025","10.3390/jpm13091363","Valencia 2023"
"10.3390/fi17040145","Branda 2025","10.2196/47551","Li 2023"
"10.3390/fi17040145","Branda 2025","10.3389/fdgth.2023.1291132","Sun 2023"
"10.3390/fi17040145","Branda 2025","10.2196/56930","Laymouna 2024"
"10.3390/fi17040145","Branda 2025","10.3390/s24186140","Pap 2024"
"10.1186/s12891-025-09227-1","Vivekanantha 2025","10.3390/healthcare11060887","Sallam 2023"
"10.1016/j.ajic.2026.03.004","Türe 2026","10.1007/s00464-024-10739-5","Ghanem 2024"
"10.1016/j.ajic.2026.03.004","Türe 2026","10.3390/healthcare13111344","Yetkin 2025"
"10.3390/healthcare14101278","Uçar 2026","10.35516/jmj.v58i2.2960","Podder 2024"
"10.3390/healthcare14101278","Uçar 2026","10.4274/tjd.galenos.2025.06977","Bostan 2025"
"10.1063/5.0299254","Law 2025","10.3390/healthcare11060887","Sallam 2023"
"10.1002/cncy.70077","Lichtenberg 2026","10.1097/md.0000000000038352","Arça 2024"
"10.1002/cncy.70077","Lichtenberg 2026","10.1097/md.0000000000039305","Hancı 2024"
"10.3390/healthcare13111344","Yetkin 2025","10.1007/s00464-024-10739-5","Ghanem 2024"
"10.3390/healthcare13111344","Yetkin 2025","10.1007/s10916-024-02056-0","Şahin 2024"
"10.3390/healthcare13111344","Yetkin 2025","10.3390/children11060750","Engin 2024"
"10.1016/j.jormas.2025.102675","Gökmen 2025","10.1016/j.jormas.2023.101757","Yurdakurban 2023"
"10.1016/j.jormas.2025.102675","Gökmen 2025","10.1007/s00464-024-10739-5","Ghanem 2024"
"10.1016/j.jormas.2025.102675","Gökmen 2025","10.1186/s12911-024-02619-8","Dursun 2024"
"10.70389/pjs.100095","Tanzim 2025","10.1177/20552076231183542","Coghlan 2023"
"10.70389/pjs.100095","Tanzim 2025","10.2196/51308","Zaleski 2024"
"10.70389/pjs.100095","Tanzim 2025","10.3389/fdgth.2024.1287186","McMahon 2024"
"10.1007/978-3-032-01130-5_11","Teixeira 2025","10.2196/40789","Aggarwal 2023"
"10.1007/978-3-032-01130-5_11","Teixeira 2025","10.1080/0194262x.2023.2250835","Shboul 2023"
"10.2196/81745","Christiansen 2026","10.1016/j.ejca.2025.115274","Menz 2025"
"10.1177/20552076261435861","McGee 2026","10.2196/29969","Wang 2022"
"10.1177/20552076261435861","McGee 2026","10.2196/40789","Aggarwal 2023"
"10.1177/20552076261435861","McGee 2026","10.1177/20552076241308994","Bull 2024"
"10.1177/20552076261435861","McGee 2026","10.3390/info16070549","Chow 2025"
"10.1177/20552076261435861","McGee 2026","10.3389/fpos.2025.1631881","Sanz 2025"
"10.1177/20552076261435861","McGee 2026","10.2196/69006","Hua 2025"
"10.1177/20552076261435861","McGee 2026","10.1002/wps.21352","Hua 2025"
"10.1007/s10278-026-01976-2","Öçbe 2026","10.1016/j.ssci.2023.106244","Oviedo-Trespalacios 2023"
"10.1007/s10278-026-01976-2","Öçbe 2026","10.1111/edt.13020","Güven 2024"
"10.1007/s10278-026-01976-2","Öçbe 2026","10.1016/j.oooo.2025.01.001","Helvacıoğlu-Yiğit 2025"
"10.1007/s10278-026-01976-2","Öçbe 2026","10.1007/s40368-025-01012-x","Dermata 2025"
"10.1007/s10278-026-01976-2","Öçbe 2026","10.1186/s12903-025-06267-w","Özcivelek 2025"
"10.1007/s10278-026-01976-2","Öçbe 2026","10.1186/s12903-025-07298-z","Özdemir 2025"
"10.65396/ejra.1859529","Özdoğan 2026","10.3389/fonc.2023.1256459","Kuşçu 2023"
"10.3390/healthcare13212670","Koluman 2025","10.3390/healthcare11060887","Sallam 2023"
"10.3390/healthcare13212670","Koluman 2025","10.1097/md.0000000000039305","Hancı 2024"
"10.1007/s40123-025-01142-x","Delsoz 2025","10.1001/jamaoncol.2023.2947","Pan 2023"
"10.1590/1806-9282.20251080","Şenel 2026","10.3389/fdgth.2023.1161098","Yeung 2023"
"10.1590/1806-9282.20251080","Şenel 2026","10.1016/j.eururo.2023.07.004","Musheyev 2023"
"10.1590/1806-9282.20251080","Şenel 2026","10.1097/md.0000000000038352","Arça 2024"
"10.1080/08164622.2025.2517750","Soysal 2025","10.1080/0194262x.2023.2250835","Shboul 2023"
"10.1145/3706598.3713362","Deva 2025","10.2196/29969","Wang 2022"
"10.1145/3706598.3713362","Deva 2025","10.1038/s41746-022-00560-6","Parmar 2022"
"10.1145/3706598.3713362","Deva 2025","10.1145/3544548.3580719","Harrington 2023"
"10.1145/3706598.3713362","Deva 2025","10.1145/3544548.3581503","Jo 2023"
"10.1145/3706598.3713362","Deva 2025","10.1177/09564624231180777","Nadarzynski 2023"
"10.1145/3706598.3713362","Deva 2025","10.1016/j.jaad.2023.05.088","Chen 2023"
"10.1145/3706598.3713362","Deva 2025","10.1145/3610106","Tseng 2023"
"10.1145/3706598.3713362","Deva 2025","10.2196/47551","Li 2023"
"10.1145/3706598.3713362","Deva 2025","10.1038/s41746-024-01074-z","Abbasian 2024"
"10.1080/08998280.2026.2683945","Demirbaş 2026","10.2196/47479","Walker 2023"
"10.1080/08998280.2026.2683945","Demirbaş 2026","10.2147/ppa.s444928","Yan 2024"
"10.1080/08998280.2026.2683945","Demirbaş 2026","10.1016/j.ijmedinf.2024.105562","Olszewski 2024"
"10.1093/ejo/cjag024","Batra 2026","10.1186/s12911-024-02619-8","Dursun 2024"
"10.1093/ejo/cjag024","Batra 2026","10.1016/j.adaj.2025.08.003","Kumar 2025"
"10.1016/j.knee.2025.11.002","Youssef 2025","10.3390/healthcare11060887","Sallam 2023"
"10.1016/j.knee.2025.11.002","Youssef 2025","10.1007/s11678-024-00836-1","Youssef 2024"
"10.2196/74111","Lu 2026","10.2196/40789","Aggarwal 2023"
"10.2196/74111","Lu 2026","10.2196/43227","Han 2023"
"10.2196/74111","Lu 2026","10.2196/54668","Ma 2023"
"10.1186/s12905-025-04202-3","Vogt 2025","10.1080/1369118x.2024.2363900","Henry 2024"
"10.1186/s12905-025-04202-3","Vogt 2025","10.3389/fpsyt.2024.1462083","Denecke 2024"
"10.1007/s00264-026-06806-2","Terzi 2026","10.1186/s43019-024-00218-5","Zhang 2024"
"10.1145/3719160.3737619","Fetrati 2025","10.2196/35573","Phiri 2022"
"10.1145/3719160.3737619","Fetrati 2025","10.2196/40789","Aggarwal 2023"
"10.1145/3719160.3737619","Fetrati 2025","10.2196/42983","Braddock 2023"
"10.1145/3719160.3737619","Fetrati 2025","10.1016/j.chbr.2023.100323","Liew 2023"
"10.1145/3719160.3737619","Fetrati 2025","10.3389/fdgth.2023.1224429","Nkabane-Nkholongo 2023"
"10.1145/3719160.3737619","Fetrati 2025","10.3390/biomedinformatics4010047","Chow 2024"
"10.1145/3719160.3737619","Fetrati 2025","10.2196/59434","Burns 2024"
"10.1145/3719160.3737619","Fetrati 2025","10.1080/10447318.2024.2376808","Fetrati 2024"
"10.1145/3719160.3737619","Fetrati 2025","10.1007/s11930-024-00397-y","Döring 2024"
"10.1145/3719160.3737619","Fetrati 2025","10.1186/s12889-025-22933-8","Latt 2025"
"10.1007/s00432-025-06400-w","Rast 2025","10.1001/jamaoncol.2023.2947","Pan 2023"
"10.1007/s00432-025-06400-w","Rast 2025","10.1097/md.0000000000038009","Gül 2024"
"10.1007/s00432-025-06400-w","Rast 2025","10.1038/s41391-024-00826-y","Hershenhouse 2024"
"10.1007/s00432-025-06400-w","Rast 2025","10.1097/md.0000000000039305","Hancı 2024"
"10.3390/healthcare14091218","Alsaad 2026","10.2196/47217","Xue 2023"
"10.3390/healthcare14091218","Alsaad 2026","10.1177/20427530241259099","Kavitha 2024"
"10.3390/healthcare14091218","Alsaad 2026","10.2196/56628","Hindelang 2024"
"10.3390/healthcare14091218","Alsaad 2026","10.1080/10447318.2024.2411619","Li 2024"
"10.1145/3765766.3765769","Ghosh 2025","10.1145/3544548.3580719","Harrington 2023"
"10.1186/s12903-025-05965-9","Esmailpour 2025","10.3390/healthcare11060887","Sallam 2023"
"10.1186/s12903-025-05965-9","Esmailpour 2025","10.1016/j.jormas.2023.101471","Balel 2023"
"10.1186/s12903-025-05965-9","Esmailpour 2025","10.1016/j.iotcps.2023.04.003","Ray 2023"
"10.1186/s12903-025-05965-9","Esmailpour 2025","10.2196/47479","Walker 2023"
"10.1186/s12903-025-05965-9","Esmailpour 2025","10.1007/s00464-024-10739-5","Ghanem 2024"
"10.1186/s12903-025-05965-9","Esmailpour 2025","10.1007/s10916-024-02056-0","Şahin 2024"
"10.1371/journal.pone.0344939","Villarreal-Zegarra 2026","10.1016/j.jad.2022.09.028","Martinengo 2022"
"10.1371/journal.pone.0344939","Villarreal-Zegarra 2026","10.1038/s41746-023-00979-5","Li 2023"
"10.1007/s10689-025-00525-0","Kamihara 2026","10.1001/jamanetworkopen.2024.32143","Kaphingst 2024"
"10.1001/jamapediatrics.2026.2015","McBain 2026","10.1038/s41746-024-01074-z","Abbasian 2024"
"10.3390/healthcare13111271","Kamal 2025","10.2196/56930","Laymouna 2024"
"10.1186/s12911-026-03467-4","Choi 2026","10.2196/56930","Laymouna 2024"
"10.1016/j.oooo.2025.05.011","Lone 2025","10.1016/j.oooo.2025.01.001","Helvacıoğlu-Yiğit 2025"
"10.1177/17085381241240550","Chervonski 2024","10.1016/j.jvsvi.2023.100019","Athavale 2023"
"10.1177/17085381241240550","Chervonski 2024","10.1007/s00345-023-04563-0","Szczesniewski 2023"
"10.1111/hiv.13604","Koh 2024","10.2196/42983","Braddock 2023"
"10.3389/frai.2025.1640994","Valan 2025","10.2196/42965","Calvo 2023"
"10.3389/frai.2025.1640994","Valan 2025","10.3389/fpubh.2023.1063466","Yang 2023"
"10.3389/frai.2025.1640994","Valan 2025","10.2196/51361","Nguyen 2023"
"10.3389/frai.2025.1640994","Valan 2025","10.1016/j.cmpb.2024.108302","Lee 2024"
"10.3389/frai.2025.1640994","Valan 2025","10.1001/jamanetworkopen.2024.32143","Kaphingst 2024"
"10.3389/frai.2025.1640994","Valan 2025","10.3390/clinpract14060186","Frodl 2024"
"10.1016/j.nutres.2024.11.005","Uluğ 2024","10.1007/s00464-024-10739-5","Ghanem 2024"
"10.1080/14992027.2025.2569927","Pourhoseingholi 2025","10.2196/47479","Walker 2023"
"10.1080/14992027.2025.2569927","Pourhoseingholi 2025","10.2196/63058","Choo 2025"
"10.2196/71418","Zeng 2025","10.3390/healthcare11060887","Sallam 2023"
"10.2196/71418","Zeng 2025","10.3390/app13116355","Jing 2023"
"10.2196/71418","Zeng 2025","10.1080/07853890.2024.2302980","Kurniawan 2024"
"10.2196/71418","Zeng 2025","10.3390/info15060299","Williamson 2024"
"10.2147/ppa.s444928","Yan 2024","10.1016/j.jaip.2023.05.042","Göktaş 2023"
"10.2147/ppa.s444928","Yan 2024","10.1016/j.eururo.2023.07.004","Musheyev 2023"
"10.2147/ppa.s444928","Yan 2024","10.1001/jamaoncol.2023.2947","Pan 2023"
"10.1016/j.teler.2023.100110","Tirumala 2023","10.2147/ijgm.s408208","Wang 2023"
"10.2196/69007","Sezgın 2024","10.1145/3611643.3616310","Wan 2023"
"10.2196/69007","Sezgın 2024","10.2196/53225","Sezgın 2024"
"10.2196/69007","Sezgın 2024","10.2196/56930","Laymouna 2024"
"10.2196/69007","Sezgın 2024","10.1371/journal.pdig.0000492","Nadarzynski 2024"
"10.3390/jcm13216512","Reyhan 2024","10.2196/49324","Wilhelm 2023"
"10.3390/jcm13216512","Reyhan 2024","10.1111/opo.13284","Biswas 2024"
"10.3390/jcm13216512","Reyhan 2024","10.1080/08820538.2024.2326058","Cohen 2024"
"10.1186/s12894-024-01570-0","Alasker 2024","10.1001/jamaoncol.2023.2947","Pan 2023"
"10.1186/s12894-024-01570-0","Alasker 2024","10.1016/j.acra.2023.08.020","Kuckelman 2023"
"10.1097/md.0000000000041780","Özduran 2025","10.1016/j.eururo.2023.07.004","Musheyev 2023"
"10.1097/md.0000000000041780","Özduran 2025","10.1001/jamaoncol.2023.2947","Pan 2023"
"10.1097/md.0000000000041780","Özduran 2025","10.1016/j.jpainsymman.2024.01.008","Kim 2024"
"10.1097/md.0000000000041780","Özduran 2025","10.1186/s43019-024-00218-5","Zhang 2024"
"10.1097/md.0000000000041780","Özduran 2025","10.1007/s10916-024-02056-0","Şahin 2024"
"10.1097/md.0000000000041780","Özduran 2025","10.1097/md.0000000000038009","Gül 2024"
"10.1097/md.0000000000041780","Özduran 2025","10.1038/s41391-024-00826-y","Hershenhouse 2024"
"10.1097/md.0000000000041780","Özduran 2025","10.1097/md.0000000000038352","Arça 2024"
"10.1080/09540121.2025.2470318","Mathur 2025","10.2196/35573","Phiri 2022"
"10.1016/j.jvoice.2025.10.044","Saeedi 2025","10.3390/healthcare11060887","Sallam 2023"
"10.1016/j.jvoice.2025.10.044","Saeedi 2025","10.1080/00016489.2023.2254809","Nielsen 2023"
"10.1016/j.jvoice.2025.10.044","Saeedi 2025","10.1002/ohn.807","Lechien 2024"
"10.1016/j.jvoice.2025.10.044","Saeedi 2025","10.1016/j.ijmedinf.2024.105562","Olszewski 2024"
"10.1016/b978-0-443-43823-3.00011-x","Patne 2025","10.2196/40789","Aggarwal 2023"
"10.1016/b978-0-443-43823-3.00011-x","Patne 2025","10.2196/64406","Chow 2024"
"10.3389/fpubh.2025.1619535","Li 2025","10.1038/s44184-024-00097-4","Siddals 2024"
"10.2196/51361","Nguyen 2023","10.1097/phh.0000000000001781","Mane 2023"
"10.3390/jcm14051747","Karataş 2025","10.3390/healthcare11060887","Sallam 2023"
"10.1177/14604582251315587","Yoo 2025","10.3390/healthcare11060887","Sallam 2023"
"10.3389/fpsyt.2025.1429304","Denecke 2025","10.2196/38740","Dhinagaran 2022"
"10.3389/fpsyt.2025.1429304","Denecke 2025","10.1016/j.jad.2022.09.028","Martinengo 2022"
"10.3389/fpsyt.2025.1429304","Denecke 2025","10.2196/41583","Denecke 2022"
"10.3389/fpsyt.2025.1429304","Denecke 2025","10.1016/j.apmr.2023.04.023","Brinsley 2023"
"10.2196/67303","Wang 2025","10.3233/shti220992","Denecke 2022"
"10.2196/67303","Wang 2025","10.2196/40789","Aggarwal 2023"
"10.2196/67303","Wang 2025","10.3390/healthcare11060887","Sallam 2023"
"10.2196/67303","Wang 2025","10.1186/s12912-023-01243-7","Tawfik 2023"
"10.2196/67303","Wang 2025","10.1097/phh.0000000000001781","Mane 2023"
"10.2196/67303","Wang 2025","10.2196/47217","Xue 2023"
"10.1002/jso.27715","Roldan‐Vasquez 2024","10.3390/healthcare11060887","Sallam 2023"
"10.1002/jso.27715","Roldan‐Vasquez 2024","10.1016/j.iotcps.2023.04.003","Ray 2023"
"10.1002/jso.27756","Daungsupawongm 2024","10.1002/jso.27715","Roldan‐Vasquez 2024"
"10.1089/thy.2023.0491","Campbell 2023","10.1093/asj/sjad140","Seth 2023"
"10.1109/iccc68654.2025.11437908","Yan 2025","10.1016/j.jamda.2024.105108","Zhang 2024"
"10.1109/iccc68654.2025.11437908","Yan 2025","10.2196/72310","Brownson-Smith 2025"
"10.1186/s43019-024-00218-5","Zhang 2024","10.3390/healthcare11060887","Sallam 2023"
"10.1186/s43019-024-00218-5","Zhang 2024","10.1016/j.urology.2023.07.010","Whiles 2023"
"10.6004/jnccn.2024.7081","Abreu 2024","10.6004/jnccn.2023.7334","Abreu 2024"
"10.1109/sp61157.2025.00092","Liu 2025","10.1145/3544548.3581503","Jo 2023"
"10.1109/sp61157.2025.00092","Liu 2025","10.2196/49324","Wilhelm 2023"
"10.1109/sp61157.2025.00092","Liu 2025","10.1371/journal.pone.0296151","Choudhury 2024"
"10.1002/jso.27780","Lou 2024","10.2196/54758","Xue 2024"
"10.1002/jso.27780","Lou 2024","10.1002/jso.27715","Roldan‐Vasquez 2024"
"10.2196/63503","Coleman 2025","10.3390/healthcare11060887","Sallam 2023"
"10.5435/jaaosglobal-d-25-00341","Travis 2025","10.2196/58831","Armbruster 2024"
"10.5435/jaaosglobal-d-25-00341","Travis 2025","10.1016/j.jse.2024.08.025","White 2024"
"10.1016/j.jpainsymman.2024.01.008","Kim 2024","10.1016/j.jvir.2023.05.037","McCarthy 2023"
"10.1016/j.procs.2024.11.116","Park 2024","10.2196/29969","Wang 2022"
"10.1016/j.procs.2024.11.116","Park 2024","10.1016/j.chbr.2023.100323","Liew 2023"
"10.1016/j.oor.2024.100317","Ahmed 2024","10.3390/healthcare11060887","Sallam 2023"
"10.1016/j.oor.2024.100317","Ahmed 2024","10.1016/j.jormas.2023.101471","Balel 2023"
"10.1016/j.oor.2024.100317","Ahmed 2024","10.3389/fonc.2023.1256459","Kuşçu 2023"
"10.2196/77237","Keleman 2025","10.1111/jgs.19393","Ellis 2025"
"10.2147/opth.s549820","Bondok 2025","10.1136/bjo-2023-324533","Cheong 2024"
"10.2147/opth.s549820","Bondok 2025","10.1016/j.ijmedinf.2024.105592","Yılmaz 2024"
"10.3390/jpm14080877","Goumas 2024","10.1186/s12912-023-01243-7","Tawfik 2023"
"10.3390/jpm14080877","Goumas 2024","10.2147/ijgm.s408208","Wang 2023"
"10.3390/jpm14080877","Goumas 2024","10.2196/45772","Sadasivan 2023"
"10.3390/jpm14080877","Goumas 2024","10.3390/app13116355","Jing 2023"
"10.3390/jpm14080877","Goumas 2024","10.1001/jamaoncol.2023.2947","Pan 2023"
"10.3390/jpm14080877","Goumas 2024","10.2196/47217","Xue 2023"
"10.3390/jpm14080877","Goumas 2024","10.3389/fdgth.2023.1291132","Sun 2023"
"10.3390/jpm14080877","Goumas 2024","10.1017/jme.2024.15","Rezaeikhonakdar 2023"
"10.2196/77390","Khairat 2025","10.3390/jpm14080877","Goumas 2024"
"10.1016/j.oraloncology.2024.106701","Dhane 2024","10.2196/40789","Aggarwal 2023"
"10.1007/s10067-025-07745-w","Hayıroğlu 2025","10.5543/tkda.2024.78131","Pay 2025"
"10.1080/10447318.2023.2279402","Jin 2023","10.1016/j.future.2021.08.015","Adikari 2021"
"10.1080/10447318.2023.2279402","Jin 2023","10.2196/39045","Pérez-Ramos 2022"
"10.1002/oto2.70011","Sina 2024","10.3390/healthcare11060887","Sallam 2023"
"10.1002/oto2.70011","Sina 2024","10.1089/thy.2023.0491","Campbell 2023"
"10.2147/opth.s480222","Cohen 2024","10.1038/s41433-023-02906-0","Cappellani 2024"
"10.2147/opth.s480222","Cohen 2024","10.1080/08820538.2024.2326058","Cohen 2024"
"10.1007/s10389-025-02643-6","Brzeziński 2025","10.1097/bsd.0000000000001582","Nian 2024"
"10.1007/s10389-025-02643-6","Brzeziński 2025","10.1097/md.0000000000038352","Arça 2024"
"10.1007/s10389-025-02643-6","Brzeziński 2025","10.1016/j.ijmedinf.2024.105562","Olszewski 2024"
"10.1007/s10389-025-02643-6","Brzeziński 2025","10.1097/md.0000000000039305","Hancı 2024"
"10.1007/s10389-025-02643-6","Brzeziński 2025","10.2196/60291","Yau 2024"
"10.2196/68426","Boie 2025","10.1016/j.pec.2021.09.027","Siglen 2021"
"10.2196/68426","Boie 2025","10.1136/bmjopen-2023-081155","Collaborative 2024"
"10.2196/72553","Jeon 2025","10.2196/32578","Chew 2022"
"10.2196/72553","Jeon 2025","10.2196/40789","Aggarwal 2023"
"10.2196/72553","Jeon 2025","10.1145/3581641.3584031","Xiao 2023"
"10.2196/72553","Jeon 2025","10.3389/fdgth.2023.1161098","Yeung 2023"
"10.2196/72553","Jeon 2025","10.2196/47479","Walker 2023"
"10.2196/72553","Jeon 2025","10.2196/56930","Laymouna 2024"
"10.2196/72553","Jeon 2025","10.2196/60291","Yau 2024"
"10.2196/72553","Jeon 2025","10.2196/58831","Armbruster 2024"
"10.2196/72553","Jeon 2025","10.2196/60380","Wu 2024"
"10.1177/20552076241308994","Bull 2024","10.2196/56930","Laymouna 2024"
"10.3390/clinpract14060186","Frodl 2024","10.2196/47564","Shahsavar 2023"
"10.3390/clinpract14060186","Frodl 2024","10.1097/bpo.0000000000002681","Adelstein 2024"
"10.3390/clinpract14060186","Frodl 2024","10.1097/sap.0000000000003797","Hirpara 2024"
"10.3390/clinpract14060186","Frodl 2024","10.4055/cios23181","Morya 2024"
"10.3390/clinpract14060186","Frodl 2024","10.2106/jbjs.oa.23.00129","Sparks 2024"
"10.3390/clinpract14060186","Frodl 2024","10.1097/md.0000000000039305","Hancı 2024"
"10.1186/s12911-024-02619-8","Dursun 2024","10.1016/j.jormas.2023.101471","Balel 2023"
"10.2196/73717","Donner 2025","10.2196/54758","Xue 2024"
"10.1109/ic3ina68387.2025.11325125","Putra 2025","10.3389/fdgth.2023.1161098","Yeung 2023"
"10.1109/ic3ina68387.2025.11325125","Putra 2025","10.1016/j.smhl.2025.100552","Montagna 2025"
"10.1109/ic3ina68387.2025.11325125","Putra 2025","10.1007/978-981-95-1361-1_37","Khan 2026"
"10.1109/ic3ina68387.2025.11325127","Nurfadhilah 2025","10.3390/diseases12080185","Acharya 2024"
"10.1007/s00405-024-09039-4","Mete 2024","10.1007/s00405-023-08104-8","Chiesa‐Estomba 2023"
"10.1007/s00405-024-09039-4","Mete 2024","10.1080/00016489.2023.2254809","Nielsen 2023"
"10.1007/s00405-024-09039-4","Mete 2024","10.3389/fonc.2023.1256459","Kuşçu 2023"
"10.1016/j.bas.2024.102804","Lang 2024","10.1007/s00586-023-07975-z","Stroop 2023"
"10.1097/gox.0000000000006202","Kim 2024","10.2196/41017","Biro 2023"
"10.1097/gox.0000000000006202","Kim 2024","10.1093/asj/sjad140","Seth 2023"
"10.2196/49387","MacNeill 2024","10.1038/s41746-022-00560-6","Parmar 2022"
"10.1016/j.ogla.2024.10.005","Wang 2024","10.1111/opo.13207","Biswas 2023"
"10.1016/j.ogla.2024.10.005","Wang 2024","10.1016/j.xops.2023.100394","Tan 2023"
"10.1016/j.ogla.2024.10.005","Wang 2024","10.1111/opo.13284","Biswas 2024"
"10.1080/0194262x.2023.2250835","Shboul 2023","10.2196/40789","Aggarwal 2023"
"10.1080/0194262x.2023.2250835","Shboul 2023","10.3390/healthcare11060887","Sallam 2023"
"10.1016/j.procs.2024.10.363","Kelly 2024","10.18653/v1/2023.findings-emnlp.88","Deshpande 2023"
"10.1016/j.procs.2024.10.363","Kelly 2024","10.1038/s41746-023-00979-5","Li 2023"
"10.1109/icaiihi67124.2025.11403240","Rajput 2025","10.1080/07853890.2024.2302980","Kurniawan 2024"
"10.1109/icaiihi67124.2025.11403240","Rajput 2025","10.2196/56114","Anisha 2024"
"10.1109/icaiihi67124.2025.11403240","Rajput 2025","10.3389/fpubh.2025.1530799","Wah 2025"
"10.1053/j.sart.2024.01.003","Adelstein 2024","10.1093/eurjcn/zvad038","Bulck 2023"
"10.1007/978-3-031-82123-3_13","Sanpablo 2025","10.1093/eurjcn/zvad038","Bulck 2023"
"10.1007/978-3-031-82123-3_13","Sanpablo 2025","10.1177/02666669231172434","Liu 2023"
"10.1007/978-3-031-82123-3_13","Sanpablo 2025","10.2196/47479","Walker 2023"
"10.1007/978-3-031-76809-5_3","Chen 2024","10.2196/38525","Kocaballı 2022"
"10.1007/978-3-031-76809-5_3","Chen 2024","10.2196/47479","Walker 2023"
"10.1007/978-3-031-76809-5_3","Chen 2024","10.1038/s41746-024-01074-z","Abbasian 2024"
"10.2196/51308","Zaleski 2024","10.3390/healthcare11060887","Sallam 2023"
"10.1016/b978-0-443-43823-3.00013-3","Shams 2025","10.3389/fcomm.2023.1275127","Branley-Bell 2023"
"10.1016/b978-0-443-43823-3.00013-3","Shams 2025","10.3389/fdgth.2024.1418695","Maher 2024"
"10.1007/978-3-031-93508-4_24","Xie 2025","10.3390/healthcare11060887","Sallam 2023"
"10.1007/978-3-031-93508-4_24","Xie 2025","10.2196/47479","Walker 2023"
"10.1007/978-3-031-93508-4_24","Xie 2025","10.1080/0194262x.2023.2250835","Shboul 2023"
"10.1177/20563051251323391","Xie 2025","10.2196/38743","Ludin 2022"
"10.1177/20563051251323391","Xie 2025","10.1080/08838151.2024.2323712","Shin 2024"
"10.29333/ejgm/14354","Moya‐Salazar 2024","10.3390/healthcare11060887","Sallam 2023"
"10.5664/jcsm.10948","Alapati 2024","10.3390/healthcare11060887","Sallam 2023"
"10.2196/70131","Kelly 2025","10.18653/v1/2023.findings-emnlp.88","Deshpande 2023"
"10.2196/70131","Kelly 2025","10.1038/s41746-023-00979-5","Li 2023"
"10.2196/70131","Kelly 2025","10.1016/j.procs.2024.10.363","Kelly 2024"
"10.1089/end.2023.0484","Musheyev 2024","10.1016/j.eururo.2023.07.004","Musheyev 2023"
"10.1089/end.2023.0484","Musheyev 2024","10.1001/jamaoncol.2023.2947","Pan 2023"
"10.3389/fonc.2024.1386718","Bilgin 2024","10.1016/j.eururo.2023.07.004","Musheyev 2023"
"10.3389/fonc.2024.1386718","Bilgin 2024","10.1097/coc.0000000000001050","Janopaul‐Naylor 2023"
"10.1016/j.euros.2024.10.009","Carl 2024","10.2196/47564","Shahsavar 2023"
"10.1016/j.euros.2024.10.009","Carl 2024","10.1038/s41391-024-00826-y","Hershenhouse 2024"
"10.2196/50132","Hauser-Ulrich 2023","10.2196/40789","Aggarwal 2023"
"10.1136/ard-2024-226202","Scaff 2024","10.2196/40789","Aggarwal 2023"
"10.1136/ard-2024-226202","Scaff 2024","10.3390/healthcare11060887","Sallam 2023"
"10.1136/ard-2024-226202","Scaff 2024","10.1016/j.eururo.2023.07.004","Musheyev 2023"
"10.1136/ard-2024-226202","Scaff 2024","10.1001/jamaoncol.2023.2947","Pan 2023"
"10.1016/j.xagr.2024.100400","Solmonovich 2024","10.3390/healthcare11060887","Sallam 2023"
"10.1016/j.arth.2024.02.005","Taylor 2024","10.3390/healthcare11060887","Sallam 2023"
"10.1007/978-3-031-63592-2_16","Kambhamettu 2024","10.1145/3491102.3517553","Zhou 2022"
"10.1080/02770903.2025.2450482","Ghozali 2025","10.1016/j.iotcps.2023.04.003","Ray 2023"
"10.1080/02770903.2025.2450482","Ghozali 2025","10.1016/j.ssci.2023.106244","Oviedo-Trespalacios 2023"
"10.1080/02770903.2025.2450482","Ghozali 2025","10.3389/fonc.2023.1256459","Kuşçu 2023"
"10.1080/02770903.2025.2450482","Ghozali 2025","10.1038/s41746-023-00979-5","Li 2023"
"10.2196/55939","Gibson 2024","10.1093/asj/sjad140","Seth 2023"
"10.2196/55939","Gibson 2024","10.2196/47479","Walker 2023"
"10.1145/3634713.3634717","May 2024","10.2196/41583","Denecke 2022"
"10.1145/3634713.3634717","May 2024","10.3390/healthcare11081061","Denecke 2023"
"10.1109/icebe68123.2025.00050","Sawad 2025","10.2196/32578","Chew 2022"
"10.1109/icebe68123.2025.00050","Sawad 2025","10.2196/37882","Mash 2022"
"10.1109/icebe68123.2025.00050","Sawad 2025","10.2196/40789","Aggarwal 2023"
"10.1109/icebe68123.2025.00050","Sawad 2025","10.1109/is3c57901.2023.00104","Haque 2023"
"10.1109/icebe68123.2025.00050","Sawad 2025","10.1145/3638380.3638421","Sawad 2023"
"10.5124/jkma.2024.67.11.695","Kim 2024","10.5468/ogs.23231","Lee 2024"
"10.1016/j.remn.2024.500065","Aydinbelge-Dizdar 2024","10.1016/j.eururo.2023.07.004","Musheyev 2023"
"10.1016/j.remn.2024.500065","Aydinbelge-Dizdar 2024","10.1001/jamaoncol.2023.2947","Pan 2023"
"10.1016/j.remn.2024.500065","Aydinbelge-Dizdar 2024","10.1016/j.teler.2023.100110","Tirumala 2023"
"10.1016/j.remn.2024.500065","Aydinbelge-Dizdar 2024","10.1097/iae.0000000000004044","Patil 2024"
"10.1016/j.remn.2024.500065","Aydinbelge-Dizdar 2024","10.1097/md.0000000000038352","Arça 2024"
"10.1016/j.remn.2024.500065","Aydinbelge-Dizdar 2024","10.3389/fonc.2024.1386718","Bilgin 2024"
"10.1080/10447318.2024.2376808","Fetrati 2024","10.2196/35573","Phiri 2022"
"10.1080/10447318.2024.2376808","Fetrati 2024","10.2196/40789","Aggarwal 2023"
"10.1080/10447318.2024.2376808","Fetrati 2024","10.2196/42983","Braddock 2023"
"10.1080/10447318.2024.2376808","Fetrati 2024","10.1016/j.chbr.2023.100323","Liew 2023"
"10.1080/10447318.2024.2376808","Fetrati 2024","10.3389/fdgth.2023.1224429","Nkabane-Nkholongo 2023"
"10.1111/bju.70035","Santucci 2025","10.1001/jamaoncol.2023.2947","Pan 2023"
"10.1111/bju.70035","Santucci 2025","10.2196/55939","Gibson 2024"
"10.1111/bju.70035","Santucci 2025","10.1089/end.2023.0484","Musheyev 2024"
"10.1111/bju.70035","Santucci 2025","10.1016/j.euros.2024.08.022","Baumgärtner 2024"
"10.1111/bju.70035","Santucci 2025","10.1016/j.urology.2025.01.054","Stapleton 2025"
"10.17219/acem/195242","Olszewski 2024","10.1016/j.cpcardiol.2023.102048","Birkun 2023"
"10.17219/acem/195242","Olszewski 2024","10.1016/j.jamda.2024.105108","Zhang 2024"
"10.17219/acem/195242","Olszewski 2024","10.1016/j.ijmedinf.2024.105562","Olszewski 2024"
"10.2196/69144","Salyers 2025","10.1109/icaa52185.2022.00023","Beattie 2022"
"10.2196/69144","Salyers 2025","10.3390/healthcare11060887","Sallam 2023"
"10.2196/69144","Salyers 2025","10.3390/app13116355","Jing 2023"
"10.2196/69144","Salyers 2025","10.2196/47551","Li 2023"
"10.2196/69144","Salyers 2025","10.3390/info15060299","Williamson 2024"
"10.4103/jehp.jehp_1195_24","Aşıksoy 2025","10.3390/healthcare11060887","Sallam 2023"
"10.4103/jehp.jehp_1195_24","Aşıksoy 2025","10.1016/j.iotcps.2023.04.003","Ray 2023"
"10.20471/june.2024.60.02.07","Arbanas 2024","10.2196/47564","Shahsavar 2023"
"10.1016/b978-0-443-43823-3.00009-1","Patel 2025","10.3389/fpsyt.2023.1321265","Turchioe 2024"
"10.1080/08998280.2025.2470033","Gupta 2025","10.3390/healthcare11060887","Sallam 2023"
"10.1109/idicaihei65991.2025.11379320","Ghavghave 2025","10.2196/56930","Laymouna 2024"
"10.1109/idicaihei65991.2025.11379320","Ghavghave 2025","10.2196/60380","Wu 2024"
"10.1109/idicaihei65991.2025.11379320","Ghavghave 2025","10.2196/70131","Kelly 2025"
"10.1016/b978-0-443-43823-3.00012-1","Dwivedi 2025","10.2196/40789","Aggarwal 2023"
"10.1016/b978-0-443-43823-3.00012-1","Dwivedi 2025","10.2196/56114","Anisha 2024"
"10.1016/b978-0-443-43823-3.00012-1","Dwivedi 2025","10.2196/56930","Laymouna 2024"
"10.1016/b978-0-443-43823-3.00012-1","Dwivedi 2025","10.3389/fdgth.2024.1418695","Maher 2024"
"10.1089/end.2023.0571","Javid 2024","10.3390/healthcare11060887","Sallam 2023"
"10.1089/end.2023.0571","Javid 2024","10.1016/j.urology.2023.07.010","Whiles 2023"
"10.1097/meg.0000000000002815","Naqvi 2024","10.2147/ijgm.s408208","Wang 2023"
"10.2196/58831","Armbruster 2024","10.1016/j.jormas.2023.101471","Balel 2023"
"10.2196/58831","Armbruster 2024","10.1016/j.urology.2023.07.010","Whiles 2023"
"10.2196/58831","Armbruster 2024","10.1001/jamaoncol.2023.2947","Pan 2023"
"10.2196/58831","Armbruster 2024","10.2196/47551","Li 2023"
"10.1177/20552076251357468","Tsai 2025","10.3390/healthcare11060887","Sallam 2023"
"10.1177/20552076251357468","Tsai 2025","10.1001/jamaoncol.2023.2947","Pan 2023"
"10.1177/20552076251357468","Tsai 2025","10.3389/fonc.2024.1386718","Bilgin 2024"
"10.1177/20552076251357468","Tsai 2025","10.2196/64406","Chow 2024"
"10.1177/20552076251357468","Tsai 2025","10.2196/66633","Chow 2025"
"10.1145/3652037.3652042","Onyekwelu 2024","10.2196/37403","Shan 2022"
"10.1016/b978-0-443-43823-3.00003-0","Patne 2025","10.3390/healthcare10010099","Malamas 2022"
"10.1016/b978-0-443-43823-3.00003-0","Patne 2025","10.2196/38743","Ludin 2022"
"10.1016/b978-0-443-43823-3.00003-0","Patne 2025","10.2196/35903","White 2022"
"10.1016/b978-0-443-43823-3.00003-0","Patne 2025","10.3389/fdgth.2023.1161098","Yeung 2023"
"10.1016/b978-0-443-43823-3.00003-0","Patne 2025","10.2196/43068","Fournier-Tombs 2023"
"10.1016/b978-0-443-43823-3.00003-0","Patne 2025","10.1177/09564624231180777","Nadarzynski 2023"
"10.1016/b978-0-443-43823-3.00003-0","Patne 2025","10.1109/is3c57901.2023.00104","Haque 2023"
"10.1016/b978-0-443-43823-3.00003-0","Patne 2025","10.1001/jamaoncol.2023.2947","Pan 2023"
"10.1016/b978-0-443-43823-3.00003-0","Patne 2025","10.5812/semj-139627","Mahdavi 2023"
"10.1016/b978-0-443-43823-3.00003-0","Patne 2025","10.2196/47217","Xue 2023"
"10.1016/b978-0-443-43823-3.00003-0","Patne 2025","10.2196/47551","Li 2023"
"10.1016/b978-0-443-43823-3.00003-0","Patne 2025","10.3389/fdgth.2023.1291132","Sun 2023"
"10.1016/b978-0-443-43823-3.00003-0","Patne 2025","10.1002/lary.31243","Lee 2023"
"10.1016/b978-0-443-43823-3.00003-0","Patne 2025","10.1080/07853890.2024.2302980","Kurniawan 2024"
"10.1016/b978-0-443-43823-3.00003-0","Patne 2025","10.2196/56930","Laymouna 2024"
"10.1016/b978-0-443-43823-3.00003-0","Patne 2025","10.3389/fdgth.2024.1418695","Maher 2024"
"10.1016/b978-0-443-43823-3.00003-0","Patne 2025","10.1097/cin.0000000000001155","Gallegos 2024"
"10.1016/b978-0-443-43823-3.00003-0","Patne 2025","10.2196/56628","Hindelang 2024"
"10.1016/b978-0-443-43823-3.00003-0","Patne 2025","10.1136/bmjhci-2023-100985","Lin 2024"
"10.1016/b978-0-443-43823-3.00003-0","Patne 2025","10.3389/fpsyt.2024.1462083","Denecke 2024"
"10.1016/b978-0-443-43823-3.00003-0","Patne 2025","10.2196/60380","Wu 2024"
"10.1093/europace/euad369","Hillmann 2023","10.3390/healthcare11060887","Sallam 2023"
"10.1093/europace/euad369","Hillmann 2023","10.1093/eurjcn/zvad038","Bulck 2023"
"10.1093/europace/euad369","Hillmann 2023","10.1016/j.jvir.2023.05.037","McCarthy 2023"
"10.2196/57697","Haegens 2025","10.2196/47134","Jiang 2023"
"10.1053/j.jfas.2024.06.009","Casciato 2024","10.1177/19386400241235834","Parekh 2024"
"10.1177/02666669251343030","Liu 2025","10.2196/47564","Shahsavar 2023"
"10.1016/j.crbiot.2024.100197","Abavisani 2024","10.2196/31923","Powell 2022"
"10.1016/j.crbiot.2024.100197","Abavisani 2024","10.2196/41017","Biro 2023"
"10.1001/jamanetworkopen.2024.32143","Kaphingst 2024","10.2196/35903","White 2022"
"10.1001/jamanetworkopen.2024.32143","Kaphingst 2024","10.2196/40789","Aggarwal 2023"
"10.1001/jamanetworkopen.2024.32143","Kaphingst 2024","10.2147/ijgm.s408208","Wang 2023"
"10.1001/jamanetworkopen.2024.32143","Kaphingst 2024","10.1200/cci.23.00123","Webster 2023"
"10.1016/j.transproceed.2024.12.028","Zhan 2025","10.2196/47479","Walker 2023"
"10.1016/j.transproceed.2024.12.028","Zhan 2025","10.1001/jamaoncol.2023.2947","Pan 2023"
"10.1016/j.transproceed.2024.12.028","Zhan 2025","10.2196/49324","Wilhelm 2023"
"10.1016/j.transproceed.2024.12.028","Zhan 2025","10.1007/s00464-024-10739-5","Ghanem 2024"
"10.6004/jnccn.2023.7334","Abreu 2024","10.1093/eurjcn/zvad038","Bulck 2023"
"10.1002/ohn.818","Washington 2024","10.1001/jamaoncol.2023.2947","Pan 2023"
"10.1002/ohn.818","Washington 2024","10.1089/thy.2023.0491","Campbell 2023"
"10.1016/j.jcms.2024.10.002","Vaira 2024","10.1007/s00405-023-08104-8","Chiesa‐Estomba 2023"
"10.1016/j.jcms.2024.10.002","Vaira 2024","10.11607/prd.6925","Battista 2023"
"10.1097/bpo.0000000000002681","Adelstein 2024","10.1093/eurjcn/zvad038","Bulck 2023"
"10.1080/0144929x.2023.2286528","Kiuchi 2023","10.2196/32578","Chew 2022"
"10.1080/0144929x.2023.2286528","Kiuchi 2023","10.2196/35573","Phiri 2022"
"10.1080/0144929x.2023.2286528","Kiuchi 2023","10.2196/37403","Shan 2022"
"10.1080/0144929x.2023.2286528","Kiuchi 2023","10.11124/jbies-22-00025","Hocking 2022"
"10.1080/0144929x.2023.2286528","Kiuchi 2023","10.2196/35556","Whittaker 2022"
"10.1080/0144929x.2023.2286528","Kiuchi 2023","10.2196/35903","White 2022"
"10.1080/0144929x.2023.2286528","Kiuchi 2023","10.2196/41583","Denecke 2022"
"10.1080/0144929x.2023.2286528","Kiuchi 2023","10.2196/40789","Aggarwal 2023"
"10.1080/0144929x.2023.2286528","Kiuchi 2023","10.3390/healthcare11060887","Sallam 2023"
"10.1080/0144929x.2023.2286528","Kiuchi 2023","10.2196/43227","Han 2023"
"10.1080/0144929x.2023.2286528","Kiuchi 2023","10.2196/42238","Noh 2023"
"10.1080/0144929x.2023.2286528","Kiuchi 2023","10.2147/ijgm.s408208","Wang 2023"
"10.1080/0144929x.2023.2286528","Kiuchi 2023","10.2196/45772","Sadasivan 2023"
"10.1080/0144929x.2023.2286528","Kiuchi 2023","10.3390/app13116355","Jing 2023"
"10.1007/s00405-024-08560-w","Lechien 2024","10.1007/s00405-023-08104-8","Chiesa‐Estomba 2023"
"10.1007/s00405-024-08560-w","Lechien 2024","10.1089/thy.2023.0491","Campbell 2023"
"10.3389/fdgth.2024.1418695","Maher 2024","10.3389/fcomm.2023.1275127","Branley-Bell 2023"
"10.3390/s24186140","Pap 2024","10.1177/20552076231184091","Zhu 2023"
"10.3390/s24186140","Pap 2024","10.1080/00015385.2024.2303528","Harskamp 2024"
"10.3390/s24186140","Pap 2024","10.1007/s00464-024-10739-5","Ghanem 2024"
"10.2196/50182","Singla 2024","10.1002/ctd2.29","Chen 2022"
"10.2196/50182","Singla 2024","10.2196/38418","Weeks 2022"
"10.2196/59434","Burns 2024","10.2196/48966","Hristidis 2023"
"10.4018/979-8-3693-9591-2.ch002","Bangash 2024","10.1109/icaa52185.2022.00023","Beattie 2022"
"10.4018/979-8-3693-9591-2.ch002","Bangash 2024","10.3390/app13116355","Jing 2023"
"10.4018/979-8-3693-9591-2.ch002","Bangash 2024","10.3390/jpm13091363","Valencia 2023"
"10.4018/979-8-3693-9591-2.ch002","Bangash 2024","10.5210/fm.v28i11.13346","Ferrara 2023"
"10.4018/979-8-3693-9591-2.ch002","Bangash 2024","10.2196/47217","Xue 2023"
"10.4018/979-8-3693-9591-2.ch002","Bangash 2024","10.2196/47551","Li 2023"
"10.4018/979-8-3693-9591-2.ch002","Bangash 2024","10.1145/3611643.3616310","Wan 2023"
"10.1016/j.japh.2024.102110","Cornelison 2024","10.3389/fonc.2023.1256459","Kuşçu 2023"
"10.1016/j.japh.2024.102110","Cornelison 2024","10.1038/s41433-023-02906-0","Cappellani 2024"
"10.3389/fdgth.2025.1616488","Tilton 2025","10.2196/40789","Aggarwal 2023"
"10.3389/fdgth.2025.1616488","Tilton 2025","10.2196/60291","Yau 2024"
"10.3389/fdgth.2025.1616488","Tilton 2025","10.2196/64406","Chow 2024"
"10.3389/fdgth.2025.1616488","Tilton 2025","10.2196/66633","Chow 2025"
"10.3389/fdgth.2025.1616488","Tilton 2025","10.3390/info16070549","Chow 2025"
"10.1007/s00586-023-07975-z","Stroop 2023","10.3389/fdgth.2023.1161098","Yeung 2023"
"10.1016/j.acra.2024.10.028","Kaba 2024","10.1016/j.jvir.2023.05.037","McCarthy 2023"
"10.1016/j.acra.2024.10.028","Kaba 2024","10.1016/j.acra.2023.08.020","Kuckelman 2023"
"10.1007/s11764-025-01921-2","Şahin 2025","10.1016/j.eururo.2023.07.004","Musheyev 2023"
"10.1007/s11764-025-01921-2","Şahin 2025","10.1001/jamaoncol.2023.2947","Pan 2023"
"10.1007/s11764-025-01921-2","Şahin 2025","10.1016/j.clgc.2024.102206","Erkan 2024"
"10.3389/fpubh.2025.1698596","Ruan 2025","10.2196/47479","Walker 2023"
"10.3389/fpubh.2025.1698596","Ruan 2025","10.1097/md.0000000000038009","Gül 2024"
"10.3389/fpubh.2025.1698596","Ruan 2025","10.1038/s41391-024-00826-y","Hershenhouse 2024"
"10.3389/fpubh.2025.1698596","Ruan 2025","10.1097/md.0000000000039305","Hancı 2024"
"10.3389/fpubh.2025.1698596","Ruan 2025","10.1136/ard-2024-226202","Scaff 2024"
"10.3389/fpubh.2025.1698596","Ruan 2025","10.3390/ai6030056","Rasool 2025"
"10.3389/fpubh.2025.1698596","Ruan 2025","10.1007/s10916-025-02178-z","Yıldız 2025"
"10.3389/fpubh.2025.1698596","Ruan 2025","10.1016/j.ijmedinf.2025.105948","Büker 2025"
"10.1109/ice3is66769.2025.11281276","Dasirin 2025","10.1136/bmjqs-2024-017476","Andrikyan 2024"
"10.1109/iceei68459.2025.11331139","V 2025","10.2196/56114","Anisha 2024"
"10.1109/iceei68459.2025.11331139","V 2025","10.3390/diseases12080185","Acharya 2024"
"10.1001/jamanetworkopen.2024.22275","Musheyev 2024","10.2147/ijgm.s408208","Wang 2023"
"10.1001/jamanetworkopen.2024.22275","Musheyev 2024","10.1001/jamaoncol.2023.2947","Pan 2023"
"10.1590/1678-460x202541368342","Koťátková 2025","10.3390/healthcare11060887","Sallam 2023"
"10.1016/j.jposna.2024.100135","Nian 2024","10.55275/jposna-2023-762","Zusman 2023"
"10.1016/j.jposna.2024.100135","Nian 2024","10.1097/bsd.0000000000001582","Nian 2024"
"10.1016/j.jposna.2024.100135","Nian 2024","10.1097/bpo.0000000000002681","Adelstein 2024"
"10.1016/j.jposna.2024.100135","Nian 2024","10.1007/s43390-024-00955-3","Lang 2024"
"10.3389/fped.2025.1659812","Vertesich 2025","10.1016/j.arth.2024.02.005","Taylor 2024"
"10.3389/fped.2025.1659812","Vertesich 2025","10.1097/bpo.0000000000002681","Adelstein 2024"
"10.3389/fped.2025.1659812","Vertesich 2025","10.1016/j.arthro.2024.08.036","Özbek 2024"
"10.2196/55762","Bragazzi 2024","10.2196/47217","Xue 2023"
"10.2196/55762","Bragazzi 2024","10.1038/s41746-023-00979-5","Li 2023"
"10.1016/j.arthro.2024.07.005","Sinkler 2024","10.1097/bpo.0000000000002681","Adelstein 2024"
"10.1093/eurjcn/zvad038","Bulck 2023","10.3390/healthcare11060887","Sallam 2023"
"10.1016/b978-0-443-43823-3.00010-8","Patel 2025","10.3389/fdgth.2023.1278186","Khawaja 2023"
"10.1016/b978-0-443-43823-3.00010-8","Patel 2025","10.2147/jpr.s439452","Robinson 2024"
"10.1016/b978-0-443-43823-3.00010-8","Patel 2025","10.1080/07853890.2024.2302980","Kurniawan 2024"
"10.1016/b978-0-443-43823-3.00010-8","Patel 2025","10.57187/s.3954","Nehme 2024"
"10.1371/journal.pdig.0000724","Nadarzynski 2025","10.2196/40789","Aggarwal 2023"
"10.1371/journal.pdig.0000724","Nadarzynski 2025","10.1177/09564624231180777","Nadarzynski 2023"
"10.1177/11206721241272251","Ahmed 2024","10.2196/47479","Walker 2023"
"10.1016/j.arthro.2024.02.039","Hurley 2024","10.1016/j.arth.2024.02.005","Taylor 2024"
"10.1016/j.oor.2024.100405","Mohammed 2024","10.1016/j.oraloncology.2024.106701","Dhane 2024"
"10.1016/j.oor.2024.100405","Mohammed 2024","10.1016/j.oor.2024.100317","Ahmed 2024"
"10.1007/s43390-024-00955-3","Lang 2024","10.2196/47479","Walker 2023"
"10.1007/s43390-024-00955-3","Lang 2024","10.1007/s00586-023-07975-z","Stroop 2023"
"10.1007/s43390-024-00955-3","Lang 2024","10.1007/s00586-023-08038-z","Stroop 2023"
"10.1007/s44163-024-00189-2","Phillips 2024","10.1016/j.iotcps.2023.04.003","Ray 2023"
"10.1007/s44163-024-00189-2","Phillips 2024","10.1016/j.jvir.2023.05.037","McCarthy 2023"
"10.2196/51157","McBee 2024","10.2196/43227","Han 2023"
"10.1177/08465371231220561","Patil 2024","10.3390/healthcare11060887","Sallam 2023"
"10.1177/08465371231220561","Patil 2024","10.3389/fdgth.2023.1161098","Yeung 2023"
"10.1007/978-3-031-74186-9_3","Bao 2024","10.3390/app13116355","Jing 2023"
"10.1016/j.clgc.2024.102206","Erkan 2024","10.1016/j.eururo.2023.07.004","Musheyev 2023"
"10.1016/j.clgc.2024.102206","Erkan 2024","10.1001/jamaoncol.2023.2947","Pan 2023"
"10.3390/jcm14041363","On 2025","10.3390/healthcare11060887","Sallam 2023"
"10.3390/jcm14041363","On 2025","10.1016/j.jormas.2023.101471","Balel 2023"
"10.3390/jcm14041363","On 2025","10.1002/ohn.807","Lechien 2024"
"10.1016/j.remn.2024.500021","Şan 2024","10.1097/iae.0000000000004044","Patil 2024"
"10.1016/j.remn.2024.500021","Şan 2024","10.1097/iop.0000000000002567","Al-Sharif 2024"
"10.1016/j.remn.2024.500021","Şan 2024","10.1016/j.jaad.2024.01.037","Robinson 2024"
"10.1080/09540121.2025.2518731","Rupani 2025","10.1080/10447318.2021.1988236","Zhu 2021"
"10.1080/09540121.2025.2518731","Rupani 2025","10.2196/55559","Galea 2024"
"10.1016/j.cjco.2024.11.020","Deb 2024","10.1016/j.ijcard.2024.132115","Kozaily 2024"
"10.1016/j.ejca.2025.115274","Menz 2025","10.1136/bmj-2023-078538","Menz 2024"
"10.1016/j.ejca.2025.115274","Menz 2025","10.1016/j.euros.2024.10.009","Carl 2024"
"10.1016/j.ejwf.2024.09.004","Aziz 2024","10.1093/asj/sjad140","Seth 2023"
"10.1016/j.ejwf.2024.09.004","Aziz 2024","10.2196/48966","Hristidis 2023"
"10.12996/gmj.2025.4451","Demir 2025","10.3390/healthcare11060887","Sallam 2023"
"10.12996/gmj.2025.4451","Demir 2025","10.2196/47564","Shahsavar 2023"
"10.12996/gmj.2025.4451","Demir 2025","10.3389/fonc.2023.1256459","Kuşçu 2023"
"10.3389/fdgth.2025.1710159","Alhaddad 2025","10.3390/healthcare11060887","Sallam 2023"
"10.3389/fdgth.2025.1710159","Alhaddad 2025","10.3389/fonc.2023.1256459","Kuşçu 2023"
"10.3389/fdgth.2025.1710159","Alhaddad 2025","10.1111/ipd.13283","Elkarmi 2024"
"10.3389/fdgth.2025.1710159","Alhaddad 2025","10.1016/j.prosdent.2024.12.016","Taymour 2025"
"10.3389/fdgth.2025.1710159","Alhaddad 2025","10.1186/s12911-025-03035-2","DeTemple 2025"
"10.1007/978-3-031-93736-1_17","Tseng 2025","10.2196/41017","Biro 2023"
"10.1007/978-3-031-93736-1_17","Tseng 2025","10.2196/40789","Aggarwal 2023"
"10.1007/978-3-031-93736-1_17","Tseng 2025","10.1145/3544548.3581503","Jo 2023"
"10.1007/978-3-031-93736-1_17","Tseng 2025","10.1145/3610106","Tseng 2023"
"10.1007/978-3-031-93736-1_17","Tseng 2025","10.2196/60380","Wu 2024"
"10.1109/icict64420.2025.11004922","Buragadda 2025","10.1016/j.jvsvi.2023.100019","Athavale 2023"
"10.3389/fonc.2024.1457516","Halawani 2024","10.1016/j.eururo.2023.07.004","Musheyev 2023"
"10.3389/fonc.2024.1457516","Halawani 2024","10.1016/j.urology.2023.11.042","Halawani 2024"
"10.3389/fonc.2024.1457516","Halawani 2024","10.1038/s41391-024-00826-y","Hershenhouse 2024"
"10.2196/51110","Chiu 2024","10.2196/32578","Chew 2022"
"10.2196/51110","Chiu 2024","10.2196/40789","Aggarwal 2023"
"10.1080/08820538.2024.2326058","Cohen 2024","10.1093/eurjcn/zvad038","Bulck 2023"
"10.2196/60939","Joshi 2024","10.1001/jamaoncol.2023.2947","Pan 2023"
"10.2196/60939","Joshi 2024","10.1145/3589334.3645643","Jin 2024"
"10.1177/02666669251340954","Jin 2025","10.3390/info15060299","Williamson 2024"
"10.4018/979-8-3693-3112-5.ch011","Wu 2024","10.1145/3544548.3581384","Lee 2023"
"10.4018/979-8-3693-3112-5.ch011","Wu 2024","10.1177/20552076231183542","Coghlan 2023"
"10.4018/979-8-3693-3112-5.ch011","Wu 2024","10.1192/bjo.2023.573","Selaskowski 2023"
"10.4018/979-8-3693-3112-5.ch011","Wu 2024","10.3390/informatics10040082","Balcombe 2023"
"10.4018/979-8-3693-3112-5.ch011","Wu 2024","10.2196/47551","Li 2023"
"10.1016/j.xagr.2024.100405","Cohen 2024","10.1093/asj/sjad140","Seth 2023"
"10.1016/j.xagr.2024.100405","Cohen 2024","10.1001/jamaoncol.2023.2947","Pan 2023"
"10.1016/j.xagr.2024.100405","Cohen 2024","10.1136/openhrt-2023-002455","Lautrup 2023"
"10.1136/bmjebm-2023-112651","Elwyn 2024","10.3390/healthcare11060887","Sallam 2023"
"10.3389/fdgth.2024.1287186","McMahon 2024","10.2196/47479","Walker 2023"
"10.3389/fdgth.2024.1287186","McMahon 2024","10.1016/j.urology.2023.07.010","Whiles 2023"
"10.1016/j.ibmed.2024.100197","Magnini 2025","10.48550/arxiv.2306.05685","Zheng 2023"
"10.1007/978-3-031-93861-0_2","Chen 2025","10.1177/15347346241236811","Shiraishi 2024"
"10.1007/978-3-031-93861-0_2","Chen 2025","10.1080/07853890.2024.2302980","Kurniawan 2024"
"10.1016/j.bjps.2024.10.020","Snee 2024","10.3390/healthcare11060887","Sallam 2023"
"10.1016/j.bjps.2024.10.020","Snee 2024","10.1007/s00238-023-02125-6","Najafali 2023"
"10.1177/08977151251401539","Schuss 2025","10.1001/jamaoncol.2023.2947","Pan 2023"
"10.1177/08977151251401539","Schuss 2025","10.1007/s00586-023-07975-z","Stroop 2023"
"10.1177/08977151251401539","Schuss 2025","10.3390/jpm14080877","Goumas 2024"
"10.1177/08977151251401539","Schuss 2025","10.2196/60291","Yau 2024"
"10.1177/08977151251401539","Schuss 2025","10.2196/58831","Armbruster 2024"
"10.1177/08977151251401539","Schuss 2025","10.2196/68560","Yun 2025"
"10.1177/08977151251401539","Schuss 2025","10.1016/j.jaip.2025.04.051","Nigro 2025"
"10.3390/jcm14051676","Troian 2025","10.1097/coc.0000000000001050","Janopaul‐Naylor 2023"
"10.3389/frai.2024.1431156","Denecke 2024","10.2196/38740","Dhinagaran 2022"
"10.3389/frai.2024.1431156","Denecke 2024","10.2196/41583","Denecke 2022"
"10.3389/frai.2024.1431156","Denecke 2024","10.3390/healthcare11081061","Denecke 2023"
"10.3389/frai.2024.1431156","Denecke 2024","10.3233/shti240006","Reichenpfader 2024"
"10.3389/fdgth.2025.1557804","Min 2025","10.2196/56930","Laymouna 2024"
"10.1016/j.ajoint.2024.100032","Xompero 2024","10.3389/fonc.2023.1256459","Kuşçu 2023"
"10.1016/j.ajoint.2024.100032","Xompero 2024","10.1136/bjo-2023-324533","Cheong 2024"
"10.1016/j.ijmedinf.2024.105592","Yılmaz 2024","10.1080/08164622.2023.2298812","Yılmaz 2024"
"10.1016/b978-0-443-18529-8.00022-6","Luxton 2024","10.1177/20552076221090031","Zhu 2022"
"10.1080/17538068.2025.2594768","Uddin 2025","10.3390/healthcare11060887","Sallam 2023"
"10.1080/17538068.2025.2594768","Uddin 2025","10.2196/56930","Laymouna 2024"
"10.1080/17538068.2025.2594768","Uddin 2025","10.1038/s41591-024-02943-6","Freitas 2024"
"10.2196/68560","Yun 2025","10.2196/47564","Shahsavar 2023"
"10.3389/fdgth.2023.1224429","Nkabane-Nkholongo 2023","10.2196/38525","Kocaballı 2022"
"10.1109/eurospw59978.2023.00071","Sharevski 2023","10.1016/j.pec.2021.09.027","Siglen 2021"
"10.1109/eurospw59978.2023.00071","Sharevski 2023","10.1145/3581641.3584031","Xiao 2023"
"10.1145/3582515.3609536","Montagna 2023","10.1109/cbms58004.2023.00309","Montagna 2023"
"10.3389/fdgth.2023.1039171","Castro 2023","10.2196/44542","Salamanca-Sanabria 2023"
"10.2147/ccid.s478309","Ezanno 2024","10.3390/healthcare11060887","Sallam 2023"
"10.2147/ccid.s478309","Ezanno 2024","10.2196/47551","Li 2023"
"10.2196/47564","Shahsavar 2023","10.3390/healthcare11060887","Sallam 2023"
"10.5505/turkhijyen.2023.78370","Yıldız 2023","10.3390/healthcare11060887","Sallam 2023"
"10.3390/jpm13121679","Ittarat 2023","10.3390/healthcare11182518","Valencia 2023"
"10.1111/nep.14239","Cheng 2023","10.2196/38418","Weeks 2022"
"10.1111/opo.13207","Biswas 2023","10.3390/healthcare11060887","Sallam 2023"
"10.1016/j.ipm.2023.103444","Wang 2023","10.1177/20552076221090031","Zhu 2022"
"10.1016/j.ipm.2023.103444","Wang 2023","10.1002/eat.23798","Shah 2022"
"10.1016/j.ipm.2023.103444","Wang 2023","10.1016/j.ipm.2022.103203","Zhao 2022"
"10.3389/fcomm.2023.1275127","Branley-Bell 2023","10.1007/s11606-023-08271-8","Matulis 2023"
"10.1016/j.chbr.2023.100323","Liew 2023","10.2196/29969","Wang 2022"
"10.3389/fdgth.2023.1278186","Khawaja 2023","10.1080/15265161.2022.2048739","Sedláková 2022"
"10.2196/56807","Rivera 2024","10.1038/s41746-022-00560-6","Parmar 2022"
"10.2196/56807","Rivera 2024","10.1097/phh.0000000000001781","Mane 2023"
"10.2196/56807","Rivera 2024","10.2196/47217","Xue 2023"
"10.1136/jme-2023-109347","Allen 2023","10.1145/3544548.3581252","Xiao 2023"
"10.2196/42965","Calvo 2023","10.1038/s41746-022-00560-6","Parmar 2022"
"10.1038/s41746-023-00979-5","Li 2023","10.1016/j.ijhcs.2021.102771","Loveys 2022"
"10.1038/s41746-023-00979-5","Li 2023","10.1186/s12912-023-01243-7","Tawfik 2023"
"10.2196/39045","Pérez-Ramos 2022","10.1177/20552076221090031","Zhu 2022"
"10.1093/schbul/sbad128","Østergaard 2023","10.1097/yct.0000000000000941","Lundin 2023"
"10.3389/fonc.2023.1256459","Kuşçu 2023","10.1007/s00405-023-08104-8","Chiesa‐Estomba 2023"
"10.1007/s00345-023-04563-0","Szczesniewski 2023","10.1016/j.urology.2023.07.010","Whiles 2023"
"10.1016/j.jaip.2023.05.042","Göktaş 2023","10.3390/healthcare11060887","Sallam 2023"
"10.1145/3544548.3581252","Xiao 2023","10.1145/3581641.3584031","Xiao 2023"
"10.2196/42238","Noh 2023","10.2196/32578","Chew 2022"
"10.2196/40533","Weeks 2022","10.1038/s41746-022-00560-6","Parmar 2022"
"10.2196/40533","Weeks 2022","10.2196/38418","Weeks 2022"
"10.2196/43120","Powell 2023","10.2196/31923","Powell 2022"
"10.1007/s00238-023-02125-6","Najafali 2023","10.3390/healthcare11060887","Sallam 2023"
"10.2196/47551","Li 2023","10.3390/app13116355","Jing 2023"
"10.1016/j.jormas.2023.101471","Balel 2023","10.2196/40789","Aggarwal 2023"
"10.1192/bjo.2026.12021","Olisaeloka 2026","10.2196/85799","Hudon 2025"
"10.1192/bjo.2026.12021","Olisaeloka 2026","10.1371/journal.pone.0341631","Olisaeloka 2026"
"10.3390/info17040361","Chow 2026","10.3390/jpm13091363","Valencia 2023"
"10.3390/info17040361","Chow 2026","10.1093/jamia/ocad222","Ding 2023"
"10.3390/info17040361","Chow 2026","10.2196/56930","Laymouna 2024"
"10.3390/info17040361","Chow 2026","10.2196/64406","Chow 2024"
"10.3390/info17040361","Chow 2026","10.2196/66633","Chow 2025"
"10.3390/info17040361","Chow 2026","10.3390/info16070549","Chow 2025"
"10.3390/info17040361","Chow 2026","10.1016/j.pec.2025.109271","Liu 2025"
"10.1016/j.jrt.2026.100174","Green 2026","10.1016/j.jpainsymman.2024.01.008","Kim 2024"
"10.1016/j.jrt.2026.100174","Green 2026","10.2196/56930","Laymouna 2024"
"10.1016/j.jrt.2026.100174","Green 2026","10.1177/09697330241296874","Oh 2024"
"10.1038/s41598-026-45719-3","Hussain 2026","10.1080/07853890.2024.2302980","Kurniawan 2024"
"10.1038/s41598-026-45719-3","Hussain 2026","10.2196/56930","Laymouna 2024"
"10.1038/s41598-026-45719-3","Hussain 2026","10.1177/20552076251319174","Barreda 2025"
"10.1007/s44196-026-01276-1","Agarwal 2026","10.1007/978-3-031-88720-8_9","Bao 2025"
"10.3389/fpsyt.2026.1812464","NICULESCU 2026","10.1192/bjp.2025.10380","Frances 2025"
"10.3389/fpsyt.2026.1812464","NICULESCU 2026","10.2196/85799","Hudon 2025"
"10.1145/3772318.3790859","Kim 2026","10.1145/3706598.3713429","Zhang 2025"
"10.1145/3772318.3790859","Kim 2026","10.1145/3706598.3713503","Pan 2025"
"10.1145/3772363.3798615","Ikegami 2026","10.18653/v1/2023.findings-acl.34","Cheng 2023"
"10.1145/3772363.3798615","Ikegami 2026","10.18653/v1/2023.emnlp-main.698","Cho 2023"
"10.1145/3772363.3798615","Ikegami 2026","10.2196/65589","Kim 2025"
"10.1145/3788069","Quan 2026","10.2196/50454","Schillings 2024"
"10.1145/3788069","Quan 2026","10.2196/63548","Auf 2024"
"10.1145/3788069","Quan 2026","10.1145/3706598.3713429","Zhang 2025"
"10.1038/s44220-026-00595-8","Dohnány 2026","10.48550/arxiv.2306.05685","Zheng 2023"
"10.1038/s44220-026-00595-8","Dohnány 2026","10.1038/s41746-023-00979-5","Li 2023"
"10.1038/s44220-026-00595-8","Dohnány 2026","10.1038/s44184-023-00047-6","Maples 2024"
"10.1038/s44220-026-00595-8","Dohnány 2026","10.1038/s41591-024-02943-6","Freitas 2024"
"10.1038/s44220-026-00595-8","Dohnány 2026","10.1038/s44184-024-00097-4","Siddals 2024"
"10.1038/s44220-026-00595-8","Dohnány 2026","10.1136/jme-2025-110972","Garcia 2025"
"10.1145/3772318.3790468","Wester 2026","10.1145/3544548.3580719","Harrington 2023"
"10.1145/3772318.3790468","Wester 2026","10.1145/3630106.3658956","Maeda 2024"
"10.1145/3772318.3790468","Wester 2026","10.1145/3706598.3713429","Zhang 2025"
"10.1145/3772318.3790468","Wester 2026","10.1145/3719160.3736615","El-Wahsh 2025"
"10.1177/09637214251386047","Imel 2025","10.1177/20552076231183542","Coghlan 2023"
"10.1177/09637214251386047","Imel 2025","10.1038/s41746-023-00979-5","Li 2023"
"10.1177/09637214251386047","Imel 2025","10.18653/v1/2024.findings-emnlp.120","Gabriel 2024"
"10.1016/j.hfh.2026.100132","Chaibi 2026","10.2196/47551","Li 2023"
"10.1016/j.hfh.2026.100132","Chaibi 2026","10.1038/s41746-024-01074-z","Abbasian 2024"
"10.1016/j.hfh.2026.100132","Chaibi 2026","10.2196/56628","Hindelang 2024"
"10.1016/j.hfh.2026.100132","Chaibi 2026","10.1177/20552076251319174","Barreda 2025"
"10.1016/j.hfh.2026.100132","Chaibi 2026","10.3389/fdgth.2025.1460236","Neary 2025"
"10.1016/j.lingua.2026.104200","Dippold 2026","10.1007/978-3-031-21707-4_28","Mai 2022"
"10.1145/3788068","Yang 2026","10.1145/3544548.3581503","Jo 2023"
"10.1145/3788068","Yang 2026","10.1145/3582515.3609536","Montagna 2023"
"10.1145/3788068","Yang 2026","10.1109/ccwc60891.2024.10427622","Cardenas 2024"
"10.1145/3788068","Yang 2026","10.1016/j.smhl.2025.100552","Montagna 2025"
"10.3390/fi18040191","Rădulescu 2026","10.3390/su15107905","Hsu 2023"
"10.3390/fi18040191","Rădulescu 2026","10.1038/s41746-023-00979-5","Li 2023"
"10.3390/fi18040191","Rădulescu 2026","10.3390/socsci13070381","Saeidnia 2024"
"10.3390/fi18040191","Rădulescu 2026","10.2196/57400","Guo 2024"
"10.3390/fi18040191","Rădulescu 2026","10.2196/62963","Golden 2024"
"10.3390/fi18040191","Rădulescu 2026","10.1038/s41746-025-01611-4","Hua 2025"
"10.3390/fi18040191","Rădulescu 2026","10.2196/75078","Boit 2025"
"10.3390/fi18040191","Rădulescu 2026","10.1145/3757537","Jung 2025"
"10.1007/s13347-026-01073-w","Jecker 2026","10.2196/70610","Wang 2025"
"10.1007/s13347-026-01073-w","Jecker 2026","10.1007/s13347-025-00978-2","Register 2025"
"10.1007/s13347-026-01073-w","Jecker 2026","10.2196/85799","Hudon 2025"
"10.1111/exsy.70244","Abbasi 2026","10.1109/tcss.2023.3315237","Kim 2023"
"10.1016/j.apnu.2026.152127","Lu 2026","10.1038/s44184-024-00097-4","Siddals 2024"
"10.3389/frcha.2026.1769862","Meduri 2026","10.24138/jcomss-2022-0074","Hadri 2023"
"10.1016/j.hlpt.2026.101242","Elsayed 2026","10.2196/63548","Auf 2024"
"10.1016/j.jrt.2026.100177","Cheng 2026","10.1007/s11245-023-09995-2","Fabry 2024"
"10.1016/j.jrt.2026.100177","Cheng 2026","10.24251/hicss.2025.437","Jia 2025"
"10.1145/3772318.3791123","Hoang 2026","10.1016/j.ijhcs.2025.103514","Meyer 2025"
"10.1016/j.chbr.2026.101108","Ebner 2026","10.2196/38525","Kocaballı 2022"
"10.1016/j.chbr.2026.101108","Ebner 2026","10.1007/978-3-031-21707-4_28","Mai 2022"
"10.1016/j.chbr.2026.101108","Ebner 2026","10.3390/sym17071082","Algumaei 2025"
"10.1016/j.chbr.2026.101108","Ebner 2026","10.1002/wps.21352","Hua 2025"
"10.15187/adr.2026.05.39.2.229","An 2026","10.2196/40789","Aggarwal 2023"
"10.1145/3772318.3791422","Gao 2026","10.1145/3544548.3580719","Harrington 2023"
"10.1145/3772318.3791422","Gao 2026","10.1145/3544548.3581503","Jo 2023"
"10.1145/3772318.3791422","Gao 2026","10.3390/geriatrics9020022","Jones 2024"
"10.1145/3772318.3791422","Gao 2026","10.1016/j.jamda.2024.105108","Zhang 2024"
"10.1145/3772318.3791422","Gao 2026","10.1145/3706598.3713852","Wang 2025"
"10.1145/3772318.3791422","Gao 2026","10.1145/3706598.3713429","Zhang 2025"
"10.1145/3772318.3791422","Gao 2026","10.1145/3719160.3728624","Desai 2025"
"10.1145/3772318.3791505","Li 2026","10.18653/v1/2023.findings-emnlp.88","Deshpande 2023"
"10.1145/3772318.3791505","Li 2026","10.1145/3706599.3720239","Yun 2025"
"10.1145/3772318.3791505","Li 2026","10.1145/3706598.3713429","Zhang 2025"
"10.1145/3772318.3791505","Li 2026","10.1109/sp61157.2025.00241","Ali 2025"
"10.1186/s12967-026-07912-w","Lin 2026","10.3390/healthcare11060887","Sallam 2023"
"10.1186/s12967-026-07912-w","Lin 2026","10.36849/jdd.8239","Cortes 2024"
"10.1145/3772363.3798453","Yang 2026","10.1145/3706598.3713429","Zhang 2025"
"10.1145/3772363.3798453","Yang 2026","10.1145/3715275.3732063","Chandra 2025"
"10.1145/3772363.3798453","Yang 2026","10.2196/85799","Hudon 2025"
"10.1145/3772318.3790986","Shirvani 2026","10.1038/s41746-023-00979-5","Li 2023"
"10.1145/3772318.3790986","Shirvani 2026","10.2196/56930","Laymouna 2024"
"10.1145/3772318.3790986","Shirvani 2026","10.3390/socsci13070381","Saeidnia 2024"
"10.3390/jcp6020074","Hassanpour 2026","10.18653/v1/2023.findings-emnlp.88","Deshpande 2023"
"10.3390/jcp6020074","Hassanpour 2026","10.1145/3658644.3690350","Bagdasarian 2024"
"10.1145/3772318.3790970","Jung 2026","10.1145/3491102.3502005","Ding 2022"
"10.1145/3772318.3790970","Jung 2026","10.1080/0144929x.2024.2332934","Boian 2024"
"10.1145/3772318.3790970","Jung 2026","10.1145/3706598.3714196","Liu 2025"
"10.1007/s40501-026-00378-z","Davis 2026","10.2196/48168","Jabir 2023"
"10.1007/s40501-026-00378-z","Davis 2026","10.1002/wps.21352","Hua 2025"
"10.1007/s40501-026-00378-z","Davis 2026","10.1145/3757537","Jung 2025"
"10.1007/s40501-026-00378-z","Davis 2026","10.1038/s44220-026-00595-8","Dohnány 2026"
"10.1371/journal.pdig.0001256","Atwine 2026","10.2196/43165","Monteiro 2023"
"10.1016/j.chbr.2026.100963","Casu 2026","10.3389/fpsyt.2024.1414439","Monaco 2024"
"10.1016/j.chbr.2026.100963","Casu 2026","10.1186/s40337-025-01225-x","Sharp 2025"
"10.1016/j.chbr.2026.100963","Casu 2026","10.2196/70874","Sharp 2025"
"10.1145/3772363.3798404","Shi 2026","10.1016/j.iotcps.2023.04.003","Ray 2023"
"10.1145/3772363.3798404","Shi 2026","10.3390/healthcare12010062","Rodríguez-Martínez 2023"
"10.1145/3772363.3798404","Shi 2026","10.1145/3706598.3713503","Pan 2025"
"10.1145/3772363.3798404","Shi 2026","10.1145/3715275.3732063","Chandra 2025"
"10.1007/s00146-025-02632-z","Lungu 2025","10.1038/s44184-023-00047-6","Maples 2024"
"10.1007/s00146-025-02632-z","Lungu 2025","10.1038/s44184-024-00097-4","Siddals 2024"
"10.1002/jac5.70231","Ipema 2026","10.1002/jac5.70131","Abdalla 2025"
"10.1038/s41598-026-49764-w","Rolvien 2026","10.24251/hicss.2022.258","Xie 2022"
"10.1038/s41598-026-49764-w","Rolvien 2026","10.1016/j.chbr.2024.100401","Herbener 2024"
"10.1038/s41598-026-49764-w","Rolvien 2026","10.2196/70610","Wang 2025"
"10.1016/j.jretconser.2026.104818","Jin 2026","10.1016/j.ipm.2023.103444","Wang 2023"
"10.1016/j.techsoc.2025.103045","Tang 2025","10.1002/eat.23798","Shah 2022"
"10.1016/j.techsoc.2025.103045","Tang 2025","10.3390/sym17071082","Algumaei 2025"
"10.1145/3772363.3778699","Tseng 2026","10.1145/3706598.3713429","Zhang 2025"
"10.1038/s41746-026-02428-5","Draelos 2026","10.1016/j.urology.2023.07.010","Whiles 2023"
"10.3390/bdcc10040100","Sousa 2026","10.1145/3757548","Namvarpour 2025"
"10.1016/j.jjimei.2026.100413","Yang 2026","10.24251/hicss.2022.258","Xie 2022"
"10.1016/j.jjimei.2026.100413","Yang 2026","10.1016/j.jad.2022.09.028","Martinengo 2022"
"10.1016/j.jjimei.2026.100413","Yang 2026","10.1016/b978-0-323-90045-4.00010-1","Bickmore 2022"
"10.1016/j.jjimei.2026.100413","Yang 2026","10.2196/45772","Sadasivan 2023"
"10.1016/j.jjimei.2026.100413","Yang 2026","10.1108/jhom-10-2023-0302","Basharat 2024"
"10.1016/j.jjimei.2026.100413","Yang 2026","10.2196/67682","Baek 2025"
"10.1136/bmjopen-2025-112695","Tiller 2026","10.1038/s41433-023-02906-0","Cappellani 2024"
"10.1136/bmjopen-2025-112695","Tiller 2026","10.1186/s43019-024-00218-5","Zhang 2024"
"10.1136/bmjopen-2025-112695","Tiller 2026","10.2196/60939","Joshi 2024"
"10.1136/bmjopen-2025-112695","Tiller 2026","10.3390/info16070549","Chow 2025"
"10.1016/j.jorep.2025.100728","Chundi 2025","10.1016/j.jposna.2024.100135","Nian 2024"
"10.1177/20427530241259099","Kavitha 2024","10.1016/j.iotcps.2023.04.003","Ray 2023"
"10.1177/20427530241259099","Kavitha 2024","10.1038/s44184-023-00047-6","Maples 2024"
"10.1177/20427530241259099","Kavitha 2024","10.1109/tai.2024.3394392","McIntosh 2024"
"10.3389/fpubh.2026.1603238","Frisone 2026","10.1093/schbul/sbad128","Østergaard 2023"
"10.3389/fpubh.2026.1603238","Frisone 2026","10.2196/47217","Xue 2023"
"10.3389/fpubh.2026.1603238","Frisone 2026","10.1002/capr.12832","Yonatan‐Leus 2024"
"10.3389/fpubh.2026.1603238","Frisone 2026","10.1007/s40501-024-00340-x","Blease 2024"
"10.3389/fpubh.2026.1603238","Frisone 2026","10.1007/s12144-025-07359-0","Yeh 2025"
"10.1145/3772318.3790739","Tseng 2026","10.1145/3706598.3713429","Zhang 2025"
"10.1145/3772318.3790739","Tseng 2026","10.1145/3715275.3732063","Chandra 2025"
"10.1145/3772318.3790739","Tseng 2026","10.1177/20539517251383884","Vecchione 2025"
"10.1145/3772318.3791060","Aldaweesh 2026","10.1038/s44184-024-00097-4","Siddals 2024"
"10.1145/3772318.3791060","Aldaweesh 2026","10.1145/3706598.3713362","Deva 2025"
"10.1145/3772318.3791060","Aldaweesh 2026","10.1145/3719160.3736615","El-Wahsh 2025"
"10.1007/s00146-025-02735-7","Loewith 2025","10.24251/hicss.2022.258","Xie 2022"
"10.1007/s00146-025-02735-7","Loewith 2025","10.55092/let20240003","Shevlin 2024"
"10.1038/s41598-026-46766-6","Cai 2026","10.1136/bmjqs-2024-017476","Andrikyan 2024"
"10.1038/s41598-026-46766-6","Cai 2026","10.1186/s12903-025-06267-w","Özcivelek 2025"
"10.1016/j.mcpdig.2026.100356","Castaño-Villegas 2026","10.1145/3634713.3634717","May 2024"
"10.1038/s41746-026-02843-8","Larrauri 2026","10.1017/jme.2024.15","Rezaeikhonakdar 2023"
"10.1038/s41746-026-02843-8","Larrauri 2026","10.1038/s41746-025-01611-4","Hua 2025"
"10.1007/s12065-026-01200-8","Mamidi 2026","10.1016/j.cosrev.2024.100632","Casheekar 2024"
"10.1007/s12065-026-01200-8","Mamidi 2026","10.3390/fi17040145","Branda 2025"
"10.1002/capr.70096","Mackey 2026","10.1192/bjp.2025.10380","Frances 2025"
"10.1145/3772318.3790712","Fröhling 2026","10.1145/3706598.3713429","Zhang 2025"
"10.3389/frai.2026.1772215","Patturajan 2026","10.1177/20552076231183542","Coghlan 2023"
"10.1016/j.eswa.2026.132026","Xiang 2026","10.2196/32578","Chew 2022"
"10.1016/j.eswa.2026.132026","Xiang 2026","10.2196/40789","Aggarwal 2023"
"10.1016/j.eswa.2026.132026","Xiang 2026","10.1177/02666669231172434","Liu 2023"
"10.1016/j.eswa.2026.132026","Xiang 2026","10.1093/jamia/ocad222","Ding 2023"
"10.1016/j.eswa.2026.132026","Xiang 2026","10.1038/s41746-023-00979-5","Li 2023"
"10.1016/j.eswa.2026.132026","Xiang 2026","10.2196/56114","Anisha 2024"
"10.1016/j.eswa.2026.132026","Xiang 2026","10.1097/cin.0000000000001155","Gallegos 2024"
"10.1016/j.eswa.2026.132026","Xiang 2026","10.3390/healthcare13040363","Amil 2025"
"10.1016/j.eswa.2026.132026","Xiang 2026","10.1111/joes.12696","Mileti 2025"
"10.1016/j.eswa.2026.132026","Xiang 2026","10.1093/oncolo/oyaf038","Chen 2025"
"10.1016/j.eswa.2026.132026","Xiang 2026","10.2196/76968","Jiang 2025"
"10.1001/jamapsychiatry.2025.4116","Perlis 2026","10.1038/s41746-023-00979-5","Li 2023"
"10.1186/s12982-026-02266-6","Estrada-Araoz 2026","10.1177/20552076231183542","Coghlan 2023"
"10.1186/s12982-026-02266-6","Estrada-Araoz 2026","10.3389/fdgth.2023.1278186","Khawaja 2023"
"10.1186/s12982-026-02266-6","Estrada-Araoz 2026","10.1038/s41746-023-00979-5","Li 2023"
"10.1186/s12982-026-02266-6","Estrada-Araoz 2026","10.2196/69709","Scholich 2025"
"10.1186/s12982-026-02266-6","Estrada-Araoz 2026","10.2196/70610","Wang 2025"
"10.1186/s12982-026-02266-6","Estrada-Araoz 2026","10.1002/hast.4979","Palmer 2025"
"10.1186/s12982-026-02266-6","Estrada-Araoz 2026","10.1111/nyas.15400","Merrill 2025"
"10.1186/s12982-026-02266-6","Estrada-Araoz 2026","10.1007/s10462-025-11418-0","Ghorbian 2025"
"10.1007/978-3-032-06004-4_8","Cruz 2025","10.1007/s00146-025-02408-5","Bakir 2025"
"10.3390/electronics15020334","Tanasă 2026","10.2196/53225","Sezgın 2024"
"10.3390/electronics15020334","Tanasă 2026","10.1186/s41747-024-00457-x","Rau 2024"
"10.3390/electronics15020334","Tanasă 2026","10.2196/66633","Chow 2025"
"10.3390/electronics15020334","Tanasă 2026","10.1007/s10278-025-01483-w","Busch 2025"
"10.1007/s13347-026-01057-w","Knox 2026","10.1080/15265161.2022.2048739","Sedláková 2022"
"10.1007/s13347-026-01057-w","Knox 2026","10.1177/20552076231183542","Coghlan 2023"
"10.1007/978-3-032-13022-8_28","Shu 2026","10.1002/eat.23798","Shah 2022"
"10.1007/978-3-032-13022-8_28","Shu 2026","10.1145/3544548.3580719","Harrington 2023"
"10.3389/frobt.2026.1760008","Maalouly 2026","10.2196/56930","Laymouna 2024"
"10.1109/iccids69108.2026.11407690","Yadav 2026","10.18653/v1/2023.emnlp-main.698","Cho 2023"
"10.1109/iccids69108.2026.11407690","Yadav 2026","10.3390/socsci13070381","Saeidnia 2024"
"10.1109/iccids69108.2026.11407690","Yadav 2026","10.2196/57400","Guo 2024"
"10.1109/iccids69108.2026.11407690","Yadav 2026","10.2196/65605","Sobowale 2025"
"10.1109/iccids69108.2026.11407690","Yadav 2026","10.2196/69709","Scholich 2025"
"10.1093/trstmh/traf143","Humphries 2025","10.1038/s44184-024-00097-4","Siddals 2024"
"10.1027/1016-9040/a000580","Madera 2026","10.1111/bjet.13174","Nelekar 2021"
"10.1027/1016-9040/a000580","Madera 2026","10.2196/38743","Ludin 2022"
"10.1027/1016-9040/a000580","Madera 2026","10.2196/44542","Salamanca-Sanabria 2023"
"10.1027/1016-9040/a000580","Madera 2026","10.2196/39934","Matheson 2023"
"10.1027/1016-9040/a000580","Madera 2026","10.1007/s41347-023-00315-4","Sanabria 2023"
"10.1027/1016-9040/a000580","Madera 2026","10.3390/mti7060057","Hopman 2023"
"10.1027/1016-9040/a000580","Madera 2026","10.2196/51571","Moore 2023"
"10.1027/1016-9040/a000580","Madera 2026","10.1038/s41746-024-01072-1","Balan 2024"
"10.1027/1016-9040/a000580","Madera 2026","10.2196/55559","Galea 2024"
"10.1007/978-3-032-16448-3_28","Ganesan 2026","10.1177/26318318251323714","Mondal 2025"
"10.1007/978-3-032-16448-3_28","Ganesan 2026","10.1145/3706599.3719711","Baik 2025"
"10.1007/978-3-032-16448-3_28","Ganesan 2026","10.3233/shti250575","Deva 2025"
"10.1109/access.2026.3653763","Sowmya 2026","10.1109/mis.2023.3320437","Lu 2023"
"10.1109/access.2026.3653763","Sowmya 2026","10.1561/116.00000064","Xue 2024"
"10.1109/access.2026.3653763","Sowmya 2026","10.1108/jhom-10-2023-0302","Basharat 2024"
"10.1080/1369118x.2025.2537803","Ta 2025","10.1016/j.iotcps.2023.04.003","Ray 2023"
"10.2196/83188","Liao 2026","10.1136/bmj-2023-078538","Menz 2024"
"10.2196/83188","Liao 2026","10.1038/s41746-024-01074-z","Abbasian 2024"
"10.1007/978-3-032-06952-8_10","Suta 2025","10.1016/j.jamda.2025.105523","Teo 2025"
"10.1177/20552076261421367","Ma 2026","10.2196/40789","Aggarwal 2023"
"10.1080/10447318.2026.2663072","Man 2026","10.2196/49462","Chou 2024"
"10.1016/j.chbr.2026.100955","Huang 2026","10.3389/fdgth.2023.1278186","Khawaja 2023"
"10.1016/j.chbr.2026.100955","Huang 2026","10.1038/s41746-023-00979-5","Li 2023"
"10.1007/s00256-025-05027-9","Khazanchi 2025","10.1016/j.acra.2023.08.020","Kuckelman 2023"
"10.1109/icoeca68095.2026.11485280","A 2026","10.1007/s41347-025-00519-w","Bunge 2025"
"10.1109/icoeca68095.2026.11485280","A 2026","10.3390/sym17071082","Algumaei 2025"
"10.3390/socsci15020119","Olagoke 2026","10.1145/3630106.3658956","Maeda 2024"
"10.3390/socsci15020119","Olagoke 2026","10.2196/68560","Yun 2025"
"10.1142/s2424862225300042","Chen 2025","10.1007/978-3-031-34960-7_22","Cabrera 2023"
"10.1142/s2424862225300042","Chen 2025","10.18653/v1/2023.emnlp-main.698","Cho 2023"
"10.1142/s2424862225300042","Chen 2025","10.1038/s41746-023-00979-5","Li 2023"
"10.1142/s2424862225300042","Chen 2025","10.1145/3589335.3641256","Zhang 2024"
"10.1142/s2424862225300042","Chen 2025","10.2196/57400","Guo 2024"
"10.1142/s2424862225300042","Chen 2025","10.3389/fpubh.2025.1530799","Wah 2025"
"10.1142/s2424862225300042","Chen 2025","10.2196/68056","Lozoya 2025"
"10.1142/s2424862225300042","Chen 2025","10.2196/69709","Scholich 2025"
"10.1142/s2424862225300042","Chen 2025","10.1093/jamiaopen/ooaf067","Abbasian 2025"
"10.1186/s12889-026-26283-x","Jiao 2026","10.1038/s41746-023-00979-5","Li 2023"
"10.1186/s12889-026-26283-x","Jiao 2026","10.3390/healthcare12010062","Rodríguez-Martínez 2023"
"10.1186/s12889-026-26283-x","Jiao 2026","10.1016/j.cosrev.2024.100632","Casheekar 2024"
"10.1186/s12889-026-26283-x","Jiao 2026","10.1016/j.aej.2024.07.098","Alotaibi 2024"
"10.7717/peerj-cs.3602","Diwakar 2026","10.1038/s41746-023-00979-5","Li 2023"
"10.7717/peerj-cs.3602","Diwakar 2026","10.2196/63548","Auf 2024"
"10.1109/ichora69329.2026.11537026","Patias 2026","10.1038/s41746-024-01074-z","Abbasian 2024"
"10.1080/10810730.2026.2682496","Wang 2026","10.1016/j.future.2021.08.015","Adikari 2021"
"10.1080/10810730.2026.2682496","Wang 2026","10.1016/j.jad.2022.09.028","Martinengo 2022"
"10.1080/10810730.2026.2682496","Wang 2026","10.2196/45894","Han 2023"
"10.1080/10810730.2026.2682496","Wang 2026","10.1177/02666669231172434","Liu 2023"
"10.1080/10810730.2026.2682496","Wang 2026","10.1371/journal.pdig.0000492","Nadarzynski 2024"
"10.1080/10810730.2026.2682496","Wang 2026","10.1089/cyber.2024.0199","Yeo 2024"
"10.1080/10810730.2026.2682496","Wang 2026","10.3390/systems13020072","Fareedi 2025"
"10.1080/10810730.2026.2682496","Wang 2026","10.3389/fpubh.2025.1530799","Wah 2025"
"10.1080/10810730.2026.2682496","Wang 2026","10.2196/66633","Chow 2025"
"10.1080/10810730.2026.2682496","Wang 2026","10.56294/hl2024.178","Dulloyeva 2024"
"10.1080/10810730.2026.2682496","Wang 2026","10.1016/j.smhl.2025.100552","Montagna 2025"
"10.1080/10810730.2026.2682496","Wang 2026","10.1080/0144929x.2025.2477754","Esmaeilzadeh 2025"
"10.1080/10810730.2026.2682496","Wang 2026","10.1016/j.apergo.2025.104515","Koscelny 2025"
"10.1080/10810730.2026.2682496","Wang 2026","10.3390/computers14060227","Olla 2025"
"10.1080/10810730.2026.2682496","Wang 2026","10.1007/s13721-025-00537-x","Alsalamah 2025"
"10.1080/10810730.2026.2682496","Wang 2026","10.3390/info16070549","Chow 2025"
"10.1080/10810730.2026.2682496","Wang 2026","10.1016/j.pec.2025.109271","Liu 2025"
"10.1080/10810730.2026.2682496","Wang 2026","10.1007/s10844-025-00970-4","Fatima 2025"
"10.1080/10810730.2026.2682496","Wang 2026","10.1186/s12889-025-25386-1","Mina 2025"
"10.1080/10810730.2026.2682496","Wang 2026","10.1038/s41598-025-24172-8","Begum 2025"
"10.1007/s12144-025-08680-4","Cheng 2026","10.1186/s12912-023-01243-7","Tawfik 2023"
"10.1007/s12144-025-08680-4","Cheng 2026","10.1016/j.tele.2025.102240","Ng 2025"
"10.3389/fhumd.2026.1722990","Arab 2026","10.3389/fpsyt.2023.1277756","Dergaa 2024"
"10.3389/fhumd.2026.1722990","Arab 2026","10.1177/20427530241259099","Kavitha 2024"
"10.1007/978-3-032-04999-5_25","Teixeira 2025","10.3389/fdgth.2023.1278186","Khawaja 2023"
"10.1007/978-3-032-00652-3_2","Zahra 2025","10.1136/bmj-2023-078538","Menz 2024"
"10.1002/jad.70164","Hinduja 2026","10.1177/20552076231183542","Coghlan 2023"
"10.1002/jad.70164","Hinduja 2026","10.1109/tts.2025.3538125","Ciriello 2025"
"10.1002/jad.70164","Hinduja 2026","10.1109/sp61157.2025.00090","Yu 2025"
"10.1002/jad.70164","Hinduja 2026","10.1145/3757548","Namvarpour 2025"
"10.1109/icoeca68095.2026.11485531","Farhan 2026","10.1038/s41746-024-01072-1","Balan 2024"
"10.1109/icoeca68095.2026.11485531","Farhan 2026","10.2196/57400","Guo 2024"
"10.1080/00049530.2026.2657279","Franze 2026","10.1038/s44184-024-00097-4","Siddals 2024"
"10.1002/capr.70095","Mahajan 2026","10.3390/informatics10040082","Balcombe 2023"
"10.1002/capr.70095","Mahajan 2026","10.3389/fdgth.2023.1278186","Khawaja 2023"
"10.1002/capr.70095","Mahajan 2026","10.18653/v1/2023.emnlp-main.698","Cho 2023"
"10.1002/capr.70095","Mahajan 2026","10.2196/56930","Laymouna 2024"
"10.1002/capr.70095","Mahajan 2026","10.2196/64396","Rządeczka 2024"
"10.1002/capr.70095","Mahajan 2026","10.1109/cai64502.2025.00038","AlMakinah 2025"
"10.1007/s12652-026-05091-6","AGWAN 2026","10.1109/raie66699.2025.00006","Hussain 2025"
"10.1007/s12652-026-05091-6","AGWAN 2026","10.1109/cai64502.2025.00112","Bahadur 2025"
"10.1080/0144929x.2025.2567989","Lim 2025","10.2196/32578","Chew 2022"
"10.1080/0144929x.2025.2567989","Lim 2025","10.2196/35573","Phiri 2022"
"10.1080/0144929x.2025.2567989","Lim 2025","10.2196/37403","Shan 2022"
"10.1080/0144929x.2025.2567989","Lim 2025","10.11124/jbies-22-00025","Hocking 2022"
"10.1080/0144929x.2025.2567989","Lim 2025","10.2196/35556","Whittaker 2022"
"10.1080/0144929x.2025.2567989","Lim 2025","10.2196/38740","Dhinagaran 2022"
"10.1080/0144929x.2025.2567989","Lim 2025","10.2196/35903","White 2022"
"10.1080/0144929x.2025.2567989","Lim 2025","10.2196/41583","Denecke 2022"
"10.1080/0144929x.2025.2567989","Lim 2025","10.2196/40789","Aggarwal 2023"
"10.1080/0144929x.2025.2567989","Lim 2025","10.2196/43227","Han 2023"
"10.1080/0144929x.2025.2567989","Lim 2025","10.2196/42238","Noh 2023"
"10.1080/0144929x.2025.2567989","Lim 2025","10.2147/ijgm.s408208","Wang 2023"
"10.1080/0144929x.2025.2567989","Lim 2025","10.1177/02666669231172434","Liu 2023"
"10.1080/0144929x.2025.2567989","Lim 2025","10.2196/45772","Sadasivan 2023"
"10.1080/0144929x.2025.2567989","Lim 2025","10.2196/42758","Passanante 2023"
"10.1080/0144929x.2025.2567989","Lim 2025","10.1200/cci.23.00123","Webster 2023"
"10.1080/0144929x.2025.2567989","Lim 2025","10.5812/semj-139627","Mahdavi 2023"
"10.1080/0144929x.2025.2567989","Lim 2025","10.2196/47217","Xue 2023"
"10.1080/0144929x.2025.2567989","Lim 2025","10.1080/0144929x.2023.2286528","Kiuchi 2023"
"10.1080/0144929x.2025.2567989","Lim 2025","10.1038/s41746-023-00979-5","Li 2023"
"10.1007/978-3-032-10310-9_10","Villacís-Guerrero 2026","10.1089/cyber.2024.0199","Yeo 2024"
"10.1109/arso68304.2026.11536127","Wils 2026","10.1016/j.aej.2024.07.098","Alotaibi 2024"
"10.2196/80250","Campos-Castillo 2026","10.2196/40789","Aggarwal 2023"
"10.2196/80250","Campos-Castillo 2026","10.55092/let20240003","Shevlin 2024"
"10.2196/80250","Campos-Castillo 2026","10.1080/1369118x.2024.2363900","Henry 2024"
"10.2196/80250","Campos-Castillo 2026","10.1177/20539517241290220","Wang 2024"
"10.1057/s41282-025-00585-2","Cassata 2025","10.1007/s11245-023-09995-2","Fabry 2024"
"10.1109/ichora69329.2026.11537013","Jamil 2026","10.1186/s40648-023-00261-z","Yorita 2023"
"10.1007/978-981-95-3495-1_28","Sathya 2026","10.3390/biomedinformatics4010047","Chow 2024"
"10.1109/icsadl67539.2026.11452010","Balakrishna 2026","10.2196/35556","Whittaker 2022"
"10.1109/icsadl67539.2026.11452010","Balakrishna 2026","10.1016/j.mex.2024.102614","Himel 2024"
"10.2196/86545","Dey 2026","10.2196/29969","Wang 2022"
"10.2196/86545","Dey 2026","10.2196/47564","Shahsavar 2023"
"10.2196/86545","Dey 2026","10.1145/3589334.3645643","Jin 2024"
"10.2196/86545","Dey 2026","10.1145/3706598.3713362","Deva 2025"
"10.1007/978-3-032-25955-4_21","Saxena 2026","10.1038/s44184-024-00097-4","Siddals 2024"
"10.1177/10888683261430089","Kunst 2026","10.1007/s41347-025-00549-4","Adewale 2025"
"10.2196/96556","Kim 2026","10.1002/wps.21352","Hua 2025"
"10.2196/96556","Kim 2026","10.2196/85799","Hudon 2025"
"10.2196/84145","Ihle 2026","10.2196/57400","Guo 2024"
"10.1109/iccids69108.2026.11407869","Santhoshkumar 2026","10.3389/fdgth.2023.1278186","Khawaja 2023"
"10.1007/978-3-032-16708-8_38","Sanna 2026","10.1007/978-3-031-95838-0_38","Sanna 2025"
"10.1007/978-3-032-16708-8_38","Sanna 2026","10.3233/faia251428","Bolpagni 2025"
"10.1111/jpm.70137","Yıldız 2026","10.2196/69294","Malouin-Lachance 2025"
"10.1007/s12553-026-01080-z","Bokolo 2026","10.3233/shti250617","Denecke 2025"
"10.1177/13591053261448342","Rodriguez 2026","10.2196/56930","Laymouna 2024"
"10.1080/10447318.2026.2683907","Sun 2026","10.3390/healthcare12010062","Rodríguez-Martínez 2023"
"10.1080/10447318.2026.2683907","Sun 2026","10.1016/j.jamda.2024.105108","Zhang 2024"
"10.1080/10447318.2026.2683907","Sun 2026","10.1108/jhom-10-2023-0302","Basharat 2024"
"10.1080/10447318.2026.2683907","Sun 2026","10.1016/j.tele.2025.102240","Ng 2025"
"10.1080/10447318.2026.2683907","Sun 2026","10.1080/10447318.2025.2594149","Sun 2025"
"10.1080/10494820.2026.2662461","You 2026","10.2196/57400","Guo 2024"
"10.1080/10494820.2026.2662461","You 2026","10.2196/69294","Malouin-Lachance 2025"
"10.1080/10494820.2026.2662461","You 2026","10.2196/69709","Scholich 2025"
"10.17645/mac.11337","FitzGerald 2026","10.1109/is61756.2024.10705238","Traykov 2024"
"10.17645/mac.11337","FitzGerald 2026","10.7326/annals-24-03933","Modi 2025"
"10.1007/s41347-026-00619-1","Connolly 2026","10.1038/s44184-024-00097-4","Siddals 2024"
"10.1007/s41347-026-00619-1","Connolly 2026","10.1002/hast.4979","Palmer 2025"
"10.1007/s41347-026-00619-1","Connolly 2026","10.1145/3757537","Jung 2025"
"10.1007/s41347-026-00619-1","Connolly 2026","10.2196/80739","Shumate 2025"
"10.1007/s41347-026-00619-1","Connolly 2026","10.1001/jama.2025.23744","Cohen 2025"
"10.1007/978-981-95-5835-3_66","Chitra 2026","10.1016/j.teler.2024.100153","Alqaidi 2024"
"10.1177/20552076261450314","Jeong 2026","10.2196/47217","Xue 2023"
"10.1108/josm-04-2025-0165","Elkattan 2026","10.1038/s44184-023-00047-6","Maples 2024"
"10.2196/86904","Callahan 2025","10.1038/s41746-023-00979-5","Li 2023"
"10.1109/icipcn67432.2026.11438720","Mitafa 2026","10.3390/app13116355","Jing 2023"
"10.2196/78288","Yoo 2026","10.1007/978-3-031-34960-7_22","Cabrera 2023"
"10.2196/88932","Kuang 2026","10.1016/j.pec.2025.109271","Liu 2025"
"10.1017/xps.2026.10032","Chen 2026","10.1145/3630106.3658956","Maeda 2024"
"10.1109/iitcee67948.2026.11394057","Tauseef 2026","10.2196/47564","Shahsavar 2023"
"10.1109/iitcee67948.2026.11394057","Tauseef 2026","10.3390/informatics10040082","Balcombe 2023"
"10.1109/iitcee67948.2026.11394057","Tauseef 2026","10.1080/07853890.2024.2302980","Kurniawan 2024"
"10.1080/10447318.2026.2683905","Yang 2026","10.1145/3544548.3581252","Xiao 2023"
"10.1080/10447318.2026.2683905","Yang 2026","10.1136/jme-2023-109347","Allen 2023"
"10.1080/10447318.2026.2683905","Yang 2026","10.1038/s41746-024-01074-z","Abbasian 2024"
"10.1080/10447318.2026.2683905","Yang 2026","10.2196/64406","Chow 2024"
"10.1080/10447318.2026.2683905","Yang 2026","10.2196/66633","Chow 2025"
"10.1080/10447318.2026.2683905","Yang 2026","10.1109/sp61157.2025.00090","Yu 2025"
"10.1080/10447318.2026.2683905","Yang 2026","10.3390/info16070549","Chow 2025"
"10.2196/87803","Barbonus 2026","10.1145/3589334.3645643","Jin 2024"
"10.2196/87803","Barbonus 2026","10.1177/20552076241253523","Albogami 2024"
"10.2196/87803","Barbonus 2026","10.1136/bmjqs-2024-017476","Andrikyan 2024"
"10.2215/cjn.0000001064","Gordon 2026","10.1136/bmjopen-2022-067657","Smith 2023"
"10.1007/978-3-032-14757-8_41","Kumar 2026","10.3389/fpubh.2025.1530799","Wah 2025"
"10.1177/20552076261429341","MacIntyre 2026","10.1038/s44184-024-00097-4","Siddals 2024"
"10.1007/978-3-032-26434-3_17","Kolfschooten 2026","10.2196/42758","Passanante 2023"
"10.1007/978-3-032-26434-3_17","Kolfschooten 2026","10.1371/journal.pdig.0000492","Nadarzynski 2024"
"10.1007/978-3-032-26434-3_17","Kolfschooten 2026","10.1080/07359683.2024.2422206","Weingott 2024"
"10.1007/978-3-032-26434-3_17","Kolfschooten 2026","10.1177/20552076251390004","Kolfschooten 2025"
"10.58256/ppfy4k96","Qutieshat 2026","10.1016/j.bushor.2024.03.003","Abdelhalim 2024"
"10.58256/ppfy4k96","Qutieshat 2026","10.4018/979-8-3693-3112-5.ch010","Ahmad 2024"
"10.1002/med4.70065","Desgroseilliers 2026","10.2196/40789","Aggarwal 2023"
"10.1002/med4.70065","Desgroseilliers 2026","10.2196/48966","Hristidis 2023"
"10.1002/med4.70065","Desgroseilliers 2026","10.1016/j.pec.2023.108055","Yin 2023"
"10.1002/med4.70065","Desgroseilliers 2026","10.2196/50132","Hauser-Ulrich 2023"
"10.1002/med4.70065","Desgroseilliers 2026","10.1145/3631430","Rahman 2023"
"10.1002/med4.70065","Desgroseilliers 2026","10.1080/07853890.2024.2302980","Kurniawan 2024"
"10.1002/med4.70065","Desgroseilliers 2026","10.2196/56114","Anisha 2024"
"10.1002/med4.70065","Desgroseilliers 2026","10.2196/56894","Chua 2024"
"10.2196/86265","Shimgekar 2026","10.1007/978-981-16-5689-7_24","Bhagchandani 2022"
"10.2196/86265","Shimgekar 2026","10.18653/v1/2023.emnlp-main.698","Cho 2023"
"10.2196/86265","Shimgekar 2026","10.1038/s41746-023-00979-5","Li 2023"
"10.2196/86265","Shimgekar 2026","10.1038/s44184-023-00047-6","Maples 2024"
"10.2196/86265","Shimgekar 2026","10.1145/3706598.3713429","Zhang 2025"
"10.3390/healthcare13212721","Ohu 2025","10.2196/47960","Karkosz 2023"
"10.3390/healthcare13212721","Ohu 2025","10.1038/s41746-024-01072-1","Balan 2024"
"10.3390/healthcare13212721","Ohu 2025","10.2196/60435","Habicht 2025"
"10.3390/healthcare13212721","Ohu 2025","10.3389/fdgth.2025.1528580","Keyan 2025"
"10.1007/978-981-95-3462-3_14","Rafael 2025","10.3390/healthcare11060887","Sallam 2023"
"10.1007/978-981-95-3462-3_14","Rafael 2025","10.1016/j.iotcps.2023.04.003","Ray 2023"
"10.1016/j.jik.2025.100835","Richet 2025","10.1109/tem.2023.3339578","Arpacı 2023"
"10.1007/978-3-032-01429-0_30","Gerdes 2025","10.3390/healthcare11060887","Sallam 2023"
"10.1016/j.ssmmh.2025.100504","Indrayanti 2025","10.1038/s41746-023-00979-5","Li 2023"
"10.1016/j.ssmmh.2025.100504","Indrayanti 2025","10.3390/socsci13070381","Saeidnia 2024"
"10.1016/j.ssmmh.2025.100504","Indrayanti 2025","10.1016/j.nsa.2024.104089","Lahutina 2024"
"10.1016/j.ssmmh.2025.100504","Indrayanti 2025","10.2196/53829","Foran 2024"
"10.1016/j.ssmmh.2025.100504","Indrayanti 2025","10.20965/jaciii.2025.p0041","Guo 2025"
"10.1016/j.ssmmh.2025.100504","Indrayanti 2025","10.3389/fpubh.2025.1530799","Wah 2025"
"10.1007/s10844-025-00970-4","Fatima 2025","10.1016/j.future.2021.08.015","Adikari 2021"
"10.1007/s10844-025-00970-4","Fatima 2025","10.1016/j.iotcps.2023.04.003","Ray 2023"
"10.1080/10447318.2025.2508911","Liu 2025","10.1080/10447318.2021.1988236","Zhu 2021"
"10.3390/fi17110515","Matecas 2025","10.1109/isdfs60797.2024.10527300","Shibli 2024"
"10.3390/fi17110515","Matecas 2025","10.3390/info15080443","Szmurlo 2024"
"10.3390/fi17110515","Matecas 2025","10.1109/mcna63144.2024.10703950","Alahmed 2024"
"10.1007/s11245-026-10371-z","Voinea 2026","10.1145/3630106.3658956","Maeda 2024"
"10.2196/83051","Gu 2026","10.1001/jamaoncol.2023.2947","Pan 2023"
"10.2196/83051","Gu 2026","10.1038/s41746-023-00979-5","Li 2023"
"10.2196/83051","Gu 2026","10.2196/56930","Laymouna 2024"
"10.2196/83051","Gu 2026","10.1016/j.ijmedinf.2024.105562","Olszewski 2024"
"10.2196/83051","Gu 2026","10.2196/58831","Armbruster 2024"
"10.2196/83051","Gu 2026","10.2196/65605","Sobowale 2025"
"10.2196/83051","Gu 2026","10.1016/j.urology.2025.01.054","Stapleton 2025"
"10.2196/83051","Gu 2026","10.2196/63677","Grilo 2025"
"10.2196/83051","Gu 2026","10.1016/j.ijmedinf.2025.105948","Büker 2025"
"10.1145/3757537","Jung 2025","10.1145/3544548.3581384","Lee 2023"
"10.1145/3757537","Jung 2025","10.1145/3544548.3581503","Jo 2023"
"10.1038/s41598-025-24172-8","Begum 2025","10.2196/60380","Wu 2024"
"10.1038/s41598-025-24172-8","Begum 2025","10.3390/electronics14183738","Maimaitijiang 2025"
"10.1111/ocr.12939","Hassan 2025","10.1016/j.jormas.2023.101471","Balel 2023"
"10.1111/ocr.12939","Hassan 2025","10.1186/s12911-024-02619-8","Dursun 2024"
"10.1111/ocr.12939","Hassan 2025","10.1016/j.ejwf.2024.09.004","Aziz 2024"
"10.1111/ocr.12939","Hassan 2025","10.1016/j.jposna.2024.100135","Nian 2024"
"10.1007/978-3-032-01970-7_6","Ech-Cheikh 2025","10.1038/s44184-024-00097-4","Siddals 2024"
"10.1007/978-3-032-01970-7_6","Ech-Cheikh 2025","10.1109/tensymp61132.2024.10752315","Jaybhaye 2024"
"10.1038/s41598-024-85003-w","Azimi 2025","10.1016/j.smhl.2024.100465","Yang 2024"
"10.1038/s41598-024-85003-w","Azimi 2025","10.1038/s41746-024-01074-z","Abbasian 2024"
"10.1371/journal.pone.0341631","Olisaeloka 2026","10.3390/informatics10040082","Balcombe 2023"
"10.1371/journal.pone.0341631","Olisaeloka 2026","10.1038/s44184-024-00097-4","Siddals 2024"
"10.1371/journal.pone.0341631","Olisaeloka 2026","10.3389/fpsyt.2024.1462083","Denecke 2024"
"10.3390/computers14100412","Tsampos 2025","10.1016/j.smhl.2024.100465","Yang 2024"
"10.1109/access.2026.3659205","Chopra 2026","10.1016/j.acra.2023.08.020","Kuckelman 2023"
"10.1001/jama.2025.23744","Cohen 2025","10.1038/s41591-024-02943-6","Freitas 2024"
"10.1007/s00146-026-02877-2","Hollis 2026","10.24251/hicss.2022.258","Xie 2022"
"10.1007/s00146-026-02877-2","Hollis 2026","10.1038/s41746-023-00979-5","Li 2023"
"10.1007/s00146-026-02877-2","Hollis 2026","10.1038/s44184-023-00047-6","Maples 2024"
"10.1007/s00146-026-02877-2","Hollis 2026","10.55092/let20240003","Shevlin 2024"
"10.1007/s00146-026-02877-2","Hollis 2026","10.1145/3706598.3713429","Zhang 2025"
"10.1007/s00146-026-02877-2","Hollis 2026","10.1109/tts.2025.3573875","McStay 2025"
"10.1007/s00146-026-02877-2","Hollis 2026","10.1007/s41347-025-00549-4","Adewale 2025"
"10.1016/j.jadohealth.2025.06.018","Motegi 2025","10.1038/s41746-024-01074-z","Abbasian 2024"
"10.3390/app152413185","Kwon 2025","10.1145/3627106.3627122","Weeks 2023"
"10.1145/3742886.3756744","Zhou 2025","10.1038/s41746-023-00979-5","Li 2023"
"10.1145/3742886.3756744","Zhou 2025","10.1038/s44184-024-00097-4","Siddals 2024"
"10.1007/s40501-024-00340-x","Blease 2024","10.2196/50696","Sharp 2023"
"10.1007/s40501-024-00340-x","Blease 2024","10.1136/jme-2023-109347","Allen 2023"
"10.1007/s40501-024-00340-x","Blease 2024","10.3389/fdgth.2023.1278186","Khawaja 2023"
"10.1007/s40501-024-00340-x","Blease 2024","10.1136/jme-2023-109574","Blease 2023"
"10.1007/s40501-024-00340-x","Blease 2024","10.1002/capr.12759","Maurya 2024"
"10.5213/inj.2550274.137","Kim 2025","10.1016/j.euros.2024.08.022","Baumgärtner 2024"
"10.5213/inj.2550274.137","Kim 2025","10.3390/jcm14196814","Bianco 2025"
"10.1145/3717511.3747075","Owayyed 2025","10.1016/j.engappai.2024.109771","Frering 2024"
"10.3390/app151910792","Ormeño-Arriagada 2025","10.2196/40789","Aggarwal 2023"
"10.3390/app151910792","Ormeño-Arriagada 2025","10.2196/45772","Sadasivan 2023"
"10.3390/app151910792","Ormeño-Arriagada 2025","10.3390/informatics10040082","Balcombe 2023"
"10.3390/app151910792","Ormeño-Arriagada 2025","10.1080/07853890.2024.2302980","Kurniawan 2024"
"10.3390/app151910792","Ormeño-Arriagada 2025","10.1016/j.cosrev.2024.100632","Casheekar 2024"
"10.3390/app151910792","Ormeño-Arriagada 2025","10.2196/56930","Laymouna 2024"
"10.1002/pra2.1433","Gray 2025","10.2196/56930","Laymouna 2024"
"10.1007/s13347-025-00978-2","Register 2025","10.1016/j.ssci.2023.106244","Oviedo-Trespalacios 2023"
"10.1007/s13347-025-00978-2","Register 2025","10.1136/jme-2023-109574","Blease 2023"
"10.1007/s13347-025-00978-2","Register 2025","10.1080/02650487.2024.2411669","Kim 2024"
"10.1007/s13347-025-00978-2","Register 2025","10.15187/adr.2025.05.38.2.391","Song 2025"
"10.1111/joes.12696","Mileti 2025","10.2196/37403","Shan 2022"
"10.1111/joes.12696","Mileti 2025","10.1016/j.crbiot.2024.100197","Abavisani 2024"
"10.1145/3748699.3749816","Ragone 2025","10.1177/14639491231206004","Kurian 2023"
"10.1145/3748699.3749816","Ragone 2025","10.3389/fpsyt.2023.1277756","Dergaa 2024"
"10.1055/a-2802-2998","García-Sanz 2026","10.1016/j.arth.2024.02.005","Taylor 2024"
"10.1055/a-2802-2998","García-Sanz 2026","10.1371/journal.pone.0296151","Choudhury 2024"
"10.1145/3757548","Namvarpour 2025","10.48550/arxiv.2307.15810","Ma 2023"
"10.3390/info16121074","Howcroft 2025","10.1093/schbul/sbad128","Østergaard 2023"
"10.3390/info16121074","Howcroft 2025","10.1177/14639491231206004","Kurian 2023"
"10.3390/info16121074","Howcroft 2025","10.2196/69709","Scholich 2025"
"10.1145/3717511.3747079","Herter 2025","10.2196/40789","Aggarwal 2023"
"10.1145/3717511.3747079","Herter 2025","10.1038/s41591-024-02943-6","Freitas 2024"
"10.1177/20552076251390004","Kolfschooten 2025","10.2196/35556","Whittaker 2022"
"10.1177/20552076251390004","Kolfschooten 2025","10.2196/40789","Aggarwal 2023"
"10.1177/20552076251390004","Kolfschooten 2025","10.1016/j.smhl.2024.100465","Yang 2024"
"10.1177/20552076251390004","Kolfschooten 2025","10.1038/s44184-024-00097-4","Siddals 2024"
"10.1177/20552076251390004","Kolfschooten 2025","10.1186/s40337-025-01225-x","Sharp 2025"
"10.1186/s40337-025-01225-x","Sharp 2025","10.1186/s40337-022-00581-2","Fardouly 2022"
"10.1186/s40337-025-01225-x","Sharp 2025","10.1002/eat.23798","Shah 2022"
"10.1186/s40337-025-01225-x","Sharp 2025","10.2196/39934","Matheson 2023"
"10.1186/s40337-025-01225-x","Sharp 2025","10.2196/50696","Sharp 2023"
"10.1186/s40337-025-01225-x","Sharp 2025","10.2196/48168","Jabir 2023"
"10.1080/10447318.2025.2555630","Xie 2025","10.1080/10447318.2023.2279402","Jin 2023"
"10.1145/3714394.3756337","YUN 2025","10.3389/fpsyt.2024.1462083","Denecke 2024"
"10.1080/08998280.2025.2596553","Kaur 2025","10.1097/cin.0000000000001155","Gallegos 2024"
"10.1080/08998280.2025.2596553","Kaur 2025","10.1080/17434440.2025.2466742","Chen 2025"
"10.1016/j.ijnss.2025.10.013","Kantovitz 2025","10.2196/42506","Au 2023"
"10.3390/technologies13040140","Farías 2025","10.2196/40789","Aggarwal 2023"
"10.1145/3719160.3737616","Aboshi 2025","10.1177/20552076231183542","Coghlan 2023"
"10.1145/3719160.3737616","Aboshi 2025","10.1109/mis.2023.3320437","Lu 2023"
"10.1109/tmm.2025.3604951","Chu 2025","10.18653/v1/2023.findings-acl.34","Cheng 2023"
"10.1109/tmm.2025.3604951","Chu 2025","10.1038/s41746-023-00979-5","Li 2023"
"10.1145/3706598.3713429","Zhang 2025","10.1145/3544548.3581384","Lee 2023"
"10.1145/3706598.3713429","Zhang 2025","10.1038/s41746-023-00979-5","Li 2023"
"10.1145/3706598.3713429","Zhang 2025","10.1038/s44184-023-00047-6","Maples 2024"
"10.1145/3706598.3713429","Zhang 2025","10.1109/eurospw61312.2024.00060","Ragab 2024"
"10.1016/j.ijhcs.2025.103514","Meyer 2025","10.2196/38418","Weeks 2022"
"10.1016/j.ijhcs.2025.103514","Meyer 2025","10.48550/arxiv.2307.15810","Ma 2023"
"10.1145/3706598.3713503","Pan 2025","10.1038/s44184-023-00047-6","Maples 2024"
"10.1002/hast.5009","Panda 2025","10.1002/hast.4979","Palmer 2025"
"10.4018/979-8-3693-9841-8.ch006","Veeramani 2025","10.2196/38740","Dhinagaran 2022"
"10.4018/979-8-3693-9841-8.ch006","Veeramani 2025","10.1007/s10270-023-01131-3","Planas 2023"
"10.4018/979-8-3693-9841-8.ch006","Veeramani 2025","10.1145/3627106.3627122","Weeks 2023"
"10.4018/979-8-3693-9841-8.ch006","Veeramani 2025","10.1007/s10586-024-04515-2","Jalali 2024"
"10.1145/3706598.3714196","Liu 2025","10.1145/3491102.3502005","Ding 2022"
"10.1145/3706598.3714196","Liu 2025","10.1145/3544548.3581503","Jo 2023"
"10.1145/3706598.3714196","Liu 2025","10.1145/3623809.3623865","Lin 2023"
"10.1145/3706598.3714196","Liu 2025","10.1145/3613904.3642960","Hu 2024"
"10.1145/3719160.3737620","Reeken 2025","10.1145/3632754.3632939","Saha 2023"
"10.1108/oir-07-2024-0425","Cheng 2025","10.2196/42758","Passanante 2023"
"10.1108/oir-07-2024-0425","Cheng 2025","10.1016/j.cosrev.2024.100632","Casheekar 2024"
"10.1108/oir-07-2024-0425","Cheng 2025","10.1080/10447318.2024.2344149","Cheng 2024"
"10.1177/02666669231172434","Liu 2023","10.1111/bjet.13174","Nelekar 2021"
"10.1177/02666669231172434","Liu 2023","10.1109/temsconeurope54743.2022.9801962","Damij 2022"
"10.1145/3719160.3736615","El-Wahsh 2025","10.1007/978-3-031-34960-7_22","Cabrera 2023"
"10.1053/j.jrn.2025.01.004","Bingöl 2025","10.3390/healthcare11060887","Sallam 2023"
"10.1177/09697330241296874","Oh 2024","10.1016/j.jpainsymman.2024.01.008","Kim 2024"
"10.1007/s12144-025-08094-2","Mayor 2025","10.1016/j.ipm.2023.103444","Wang 2023"
"10.1007/s12144-025-08094-2","Mayor 2025","10.3389/fdgth.2023.1278186","Khawaja 2023"
"10.1007/s12144-025-08094-2","Mayor 2025","10.1016/j.chbr.2024.100401","Herbener 2024"
"10.1007/s41347-024-00471-1","Fabian 2025","10.1093/tbm/ibad041","Fabian 2023"
"10.1145/3719160.3737638","Kurian 2025","10.1177/14639491231206004","Kurian 2023"
"10.1145/3719160.3737638","Kurian 2025","10.1080/17439884.2024.2367052","Kurian 2024"
"10.1136/bmjopen-2024-092982","Aroca 2025","10.2196/40789","Aggarwal 2023"
"10.1371/journal.pdig.0000961","Elangovan 2025","10.1038/s41746-022-00560-6","Parmar 2022"
"10.1371/journal.pdig.0000961","Elangovan 2025","10.2196/40789","Aggarwal 2023"
"10.1371/journal.pdig.0000961","Elangovan 2025","10.3389/fdgth.2023.1161098","Yeung 2023"
"10.1371/journal.pdig.0000961","Elangovan 2025","10.2196/49324","Wilhelm 2023"
"10.3390/computers14060227","Olla 2025","10.1177/20552076231183542","Coghlan 2023"
"10.1145/3706599.3719711","Baik 2025","10.1038/s41746-023-00979-5","Li 2023"
"10.1145/3715275.3732063","Chandra 2025","10.1145/3617694.3623226","Carroll 2023"
"10.1145/3715275.3732063","Chandra 2025","10.1017/s1049023x23006568","Birkun 2023"
"10.1145/3715275.3732063","Chandra 2025","10.18653/v1/2023.findings-emnlp.88","Deshpande 2023"
"10.1145/3715275.3732063","Chandra 2025","10.1145/3589334.3645643","Jin 2024"
"10.1002/eat.24426","Sharp 2025","10.2196/50696","Sharp 2023"
"10.1002/eat.24426","Sharp 2025","10.1186/s40337-025-01225-x","Sharp 2025"
"10.1016/j.cogsys.2025.101337","Soman 2025","10.1016/j.future.2021.08.015","Adikari 2021"
"10.1016/j.cogsys.2025.101337","Soman 2025","10.48550/arxiv.2307.15810","Ma 2023"
"10.1111/nyas.15400","Merrill 2025","10.2196/47217","Xue 2023"
"10.1111/nyas.15400","Merrill 2025","10.1016/j.aej.2024.07.098","Alotaibi 2024"
"10.1098/rsos.241776","Peters 2025","10.1136/bmj-2023-078538","Menz 2024"
"10.1145/3701716.3715597","Watanabe 2025","10.1109/ipccc59175.2023.10253855","Cai 2023"
"10.3390/healthcare13070744","Chiu 2025","10.1371/journal.pone.0300487","Chiu 2025"
"10.1145/3719160.3728629","Laban 2025","10.1080/10447318.2024.2426737","Sadek 2024"
"10.4018/979-8-3693-8009-3.ch013","Lal 2025","10.1109/is3c57901.2023.00104","Haque 2023"
"10.4018/979-8-3693-8009-3.ch013","Lal 2025","10.3389/fdgth.2023.1291132","Sun 2023"
"10.1111/fare.13158","Escoredo 2025","10.2196/48168","Jabir 2023"
"10.1016/j.websem.2024.100844","Lavrinovics 2024","10.48550/arxiv.2306.05685","Zheng 2023"
"10.1145/3719160.3737612","Zargham 2025","10.1038/s41746-023-00979-5","Li 2023"
"10.1145/3725738","Ferland 2025","10.2196/38743","Ludin 2022"
"10.1145/3725738","Ferland 2025","10.1038/s41746-024-01072-1","Balan 2024"
"10.3390/electronics14183738","Maimaitijiang 2025","10.2196/40789","Aggarwal 2023"
"10.1108/intr-08-2023-0666","Latif 2024","10.1016/j.health.2022.100072","Montenegro 2022"
"10.15187/adr.2025.05.38.2.391","Song 2025","10.1038/s44184-023-00047-6","Maples 2024"
"10.4018/979-8-3373-5072-1.ch008","Carneiro 2025","10.1080/15265161.2022.2048739","Sedláková 2022"
"10.4018/979-8-3373-5072-1.ch008","Carneiro 2025","10.2196/47960","Karkosz 2023"
"10.4018/979-8-3373-5072-1.ch008","Carneiro 2025","10.3389/fdgth.2023.1278186","Khawaja 2023"
"10.4018/979-8-3373-5072-1.ch008","Carneiro 2025","10.1038/s41591-024-02943-6","Freitas 2024"
"10.4018/979-8-3373-5072-1.ch008","Carneiro 2025","10.21926/obm.neurobiol.2402225","Zafar 2024"
"10.4018/979-8-3693-3112-5.ch005","Khan 2024","10.2196/41017","Biro 2023"
"10.4018/979-8-3693-3112-5.ch005","Khan 2024","10.2196/56930","Laymouna 2024"
"10.1177/10711813251360997","Walji 2025","10.2196/40789","Aggarwal 2023"
"10.1177/10711813251360997","Walji 2025","10.2196/56930","Laymouna 2024"
"10.1002/widm.70010","Cilar 2025","10.3390/healthcare11060887","Sallam 2023"
"10.1002/widm.70010","Cilar 2025","10.48550/arxiv.2306.05685","Zheng 2023"
"10.1002/widm.70010","Cilar 2025","10.3390/biomedinformatics4010047","Chow 2024"
"10.1002/widm.70010","Cilar 2025","10.1145/3589334.3645643","Jin 2024"
"10.1093/jamiaopen/ooaf067","Abbasian 2025","10.3390/healthcare11060887","Sallam 2023"
"10.1093/jamiaopen/ooaf067","Abbasian 2025","10.1016/j.smhl.2024.100465","Yang 2024"
"10.1093/jamiaopen/ooaf067","Abbasian 2025","10.1038/s41746-024-01074-z","Abbasian 2024"
"10.1145/3715275.3732093","Sandoval 2025","10.1145/3630106.3659026","Kieslich 2024"
"10.4018/979-8-3373-3658-9.ch004","Katoch 2025","10.1007/s00586-023-07975-z","Stroop 2023"
"10.4018/979-8-3373-3658-9.ch004","Katoch 2025","10.1109/eurospw61312.2024.00060","Ragab 2024"
"10.1145/3709020.3734832","Tran 2025","10.1016/j.teler.2024.100153","Alqaidi 2024"
"10.3390/sym17071082","Algumaei 2025","10.1145/3604571.3604578","Ng 2023"
"10.3390/sym17071082","Algumaei 2025","10.2196/50132","Hauser-Ulrich 2023"
"10.3390/sym17071082","Algumaei 2025","10.1038/s41746-023-00979-5","Li 2023"
"10.3390/sym17071082","Algumaei 2025","10.1038/s44184-023-00047-6","Maples 2024"
"10.3390/sym17071082","Algumaei 2025","10.1080/07853890.2024.2302980","Kurniawan 2024"
"10.3390/sym17071082","Algumaei 2025","10.1038/s44184-024-00097-4","Siddals 2024"
"10.3390/sym17071082","Algumaei 2025","10.2196/63515","Graaff 2024"
"10.3390/sym17071082","Algumaei 2025","10.2196/65589","Kim 2025"
"10.1002/hast.4979","Palmer 2025","10.1080/15265161.2022.2048739","Sedláková 2022"
"10.3389/fdgth.2025.1460236","Neary 2025","10.2196/38740","Dhinagaran 2022"
"10.3389/fdgth.2025.1460236","Neary 2025","10.3390/healthcare11081061","Denecke 2023"
"10.1109/access.2025.3618868","Shafqat 2025","10.1145/3611643.3616310","Wan 2023"
"10.2196/65605","Sobowale 2025","10.1038/s41746-023-00979-5","Li 2023"
"10.2196/65605","Sobowale 2025","10.1038/s44184-023-00047-6","Maples 2024"
"10.2196/65605","Sobowale 2025","10.1016/j.chbr.2024.100401","Herbener 2024"
"10.2196/65605","Sobowale 2025","10.1038/s41591-024-02943-6","Freitas 2024"
"10.2196/65605","Sobowale 2025","10.2196/64406","Chow 2024"
"10.2196/65605","Sobowale 2025","10.1109/sp61157.2025.00090","Yu 2025"
"10.1007/978-3-031-95130-5_22","Stanley 2025","10.1016/j.orgdyn.2023.100998","Newstead 2023"
"10.1016/j.socscimed.2024.117560","Olawade 2024","10.1371/journal.pdig.0000492","Nadarzynski 2024"
"10.1177/20552076251330550","Hou 2025","10.1038/s41746-023-00979-5","Li 2023"
"10.5753/jbcs.2025.5767","Navarro 2025","10.1016/j.mcpdig.2024.09.001","Kim 2024"
"10.2196/55846","Abdullah 2024","10.2196/38740","Dhinagaran 2022"
"10.2196/55846","Abdullah 2024","10.3389/fdgth.2023.1224429","Nkabane-Nkholongo 2023"
"10.2196/55846","Abdullah 2024","10.1016/j.techfore.2024.123407","Liu 2024"
"10.2196/55846","Abdullah 2024","10.1080/10447318.2024.2376808","Fetrati 2024"
"10.2196/66885","Brill 2025","10.3389/fdgth.2023.1039171","Castro 2023"
"10.2196/66885","Brill 2025","10.2196/50132","Hauser-Ulrich 2023"
"10.2196/66885","Brill 2025","10.2196/51716","Chan 2024"
"10.2196/66885","Brill 2025","10.2196/69294","Malouin-Lachance 2025"
"10.1109/kse68178.2025.11309517","Vu 2025","10.3390/children12030359","Mansoor 2025"
"10.1016/j.glohj.2025.02.003","Andrew 2025","10.2196/36869","Alphonse 2022"
"10.1016/j.glohj.2025.02.003","Andrew 2025","10.2196/35556","Whittaker 2022"
"10.1016/j.glohj.2025.02.003","Andrew 2025","10.2196/56930","Laymouna 2024"
"10.1016/j.glohj.2025.02.003","Andrew 2025","10.2196/49387","MacNeill 2024"
"10.1016/j.procs.2025.10.205","Heierli 2025","10.2196/38525","Kocaballı 2022"
"10.1016/j.procs.2025.10.205","Heierli 2025","10.1016/j.procs.2024.11.116","Park 2024"
"10.2196/79838","Sobowale 2025","10.1177/20552076231183542","Coghlan 2023"
"10.2196/79838","Sobowale 2025","10.1038/s44184-023-00047-6","Maples 2024"
"10.2196/79838","Sobowale 2025","10.1038/s41591-024-02943-6","Freitas 2024"
"10.2196/79838","Sobowale 2025","10.1177/20427530241259099","Kavitha 2024"
"10.2196/79838","Sobowale 2025","10.1001/jamanetworkopen.2024.22275","Musheyev 2024"
"10.2196/79838","Sobowale 2025","10.1109/eurospw61312.2024.00060","Ragab 2024"
"10.2196/79838","Sobowale 2025","10.2196/65605","Sobowale 2025"
"10.2196/79838","Sobowale 2025","10.2196/69534","Parks 2025"
"10.2196/79838","Sobowale 2025","10.2196/67365","Campellone 2025"
"10.2196/79838","Sobowale 2025","10.1109/sp61157.2025.00090","Yu 2025"
"10.2196/79838","Sobowale 2025","10.1145/3715275.3732063","Chandra 2025"
"10.1080/18387357.2025.2522425","Hawke 2025","10.1177/20552076231183542","Coghlan 2023"
"10.57187/s.4359","Kolfschooten 2025","10.2196/58831","Armbruster 2024"
"10.57187/s.4359","Kolfschooten 2025","10.57187/s.3954","Nehme 2024"
"10.3390/bs15030287","Chan 2025","10.1080/15265161.2022.2048739","Sedláková 2022"
"10.3390/bs15030287","Chan 2025","10.3389/fdgth.2023.1278186","Khawaja 2023"
"10.1109/icsss66939.2025.11346329","Vimal 2025","10.2196/70610","Wang 2025"
"10.1109/wconf64849.2025.11233266","Achanta 2025","10.1007/s10462-025-11147-4","Pelekis 2025"
"10.3390/bs15030375","Chan 2025","10.3390/bs15030287","Chan 2025"
"10.1177/20552076251393355","Hawke 2025","10.3390/children12030359","Mansoor 2025"
"10.1177/20552076251393355","Hawke 2025","10.1080/18387357.2025.2522425","Hawke 2025"
"10.2196/68960","Wu 2025","10.1080/15265161.2022.2048739","Sedláková 2022"
"10.2196/68960","Wu 2025","10.1038/s41746-023-00979-5","Li 2023"
"10.1109/acsacw69556.2025.00038","Seth 2025","10.1177/20552076231183542","Coghlan 2023"
"10.1109/acsacw69556.2025.00038","Seth 2025","10.18653/v1/2023.emnlp-main.698","Cho 2023"
"10.1109/acsacw69556.2025.00038","Seth 2025","10.2196/67462","Bai 2025"
"10.1109/icmsci62561.2025.10894579","Benita 2025","10.1145/3594806.3596580","Ni 2023"
"10.1109/icmsci62561.2025.10894579","Benita 2025","10.1038/s41746-023-00979-5","Li 2023"
"10.1007/978-3-031-92178-0_4","Bandi 2025","10.1108/jhom-10-2023-0302","Basharat 2024"
"10.2196/72310","Brownson-Smith 2025","10.2196/38525","Kocaballı 2022"
"10.2196/72310","Brownson-Smith 2025","10.1145/3544548.3581503","Jo 2023"
"10.2196/72310","Brownson-Smith 2025","10.1038/s41746-023-00979-5","Li 2023"
"10.2196/72310","Brownson-Smith 2025","10.1016/j.jamda.2024.105108","Zhang 2024"
"10.1109/iciccs65191.2025.10985281","Dharshini 2025","10.1109/icast55766.2022.10039576","Nayar 2022"
"10.1109/iciccs65191.2025.10985281","Dharshini 2025","10.1109/icocics58778.2023.10276558","Akbar 2023"
"10.1007/978-981-96-1437-0_14","Diurni 2025","10.1080/0144929x.2023.2286528","Kiuchi 2023"
"10.1080/2692398x.2025.2587315","Gazit 2025","10.2196/57400","Guo 2024"
"10.1109/medcom67532.2025.11405219","Kaushik 2025","10.1016/j.iotcps.2023.04.003","Ray 2023"
"10.1109/c366505.2025.11340093","Barrios 2025","10.2196/44542","Salamanca-Sanabria 2023"
"10.1109/c366505.2025.11340093","Barrios 2025","10.3390/mti7060057","Hopman 2023"
"10.1109/c366505.2025.11340093","Barrios 2025","10.21926/obm.neurobiol.2402225","Zafar 2024"
"10.1109/c366505.2025.11340093","Barrios 2025","10.2196/65589","Kim 2025"
"10.1080/10447318.2024.2426737","Sadek 2024","10.3390/biomedinformatics4010047","Chow 2024"
"10.1109/icacrs67045.2025.11324152","Raksha 2025","10.1016/j.cosrev.2024.100632","Casheekar 2024"
"10.1109/icacrs67045.2025.11324152","Raksha 2025","10.1007/s10586-024-04515-2","Jalali 2024"
"10.1109/3ict68299.2025.11442234","Sure 2025","10.1177/20552076251319174","Barreda 2025"
"10.1089/cyber.2024.0199","Yeo 2024","10.3390/healthcare11060887","Sallam 2023"
"10.1089/cyber.2024.0199","Yeo 2024","10.1080/00015385.2024.2303528","Harskamp 2024"
"10.1177/20552076251380324","Minian 2025","10.2196/35556","Whittaker 2022"
"10.1177/20552076251380324","Minian 2025","10.3390/healthcare11060887","Sallam 2023"
"10.1177/20552076251380324","Minian 2025","10.1177/20552076231182807","Minian 2023"
"10.1177/20552076251380324","Minian 2025","10.2196/43078","Lieder 2023"
"10.1177/20552076251380324","Minian 2025","10.2196/53556","Minian 2023"
"10.1177/20552076251380324","Minian 2025","10.2196/56930","Laymouna 2024"
"10.1109/icimia67127.2025.11200846","Ali 2025","10.1002/9781394200801.ch32","Bhardwaj 2024"
"10.1109/icimia67127.2025.11200846","Ali 2025","10.1109/tce.2024.3417688","Shang 2024"
"10.1109/icimia67127.2025.11200846","Ali 2025","10.1109/icicn62625.2024.10761619","Samonte 2024"
"10.1109/icimia67127.2025.11200846","Ali 2025","10.1016/j.eswa.2025.128769","Kumar 2025"
"10.1109/ccwc62904.2025.10903778","Reátegui-Rivera 2025","10.2196/40789","Aggarwal 2023"
"10.1109/ccwc62904.2025.10903778","Reátegui-Rivera 2025","10.3390/healthcare11060887","Sallam 2023"
"10.1109/3ict68299.2025.11442195","Nur 2025","10.3390/informatics10040082","Balcombe 2023"
"10.1109/3ict68299.2025.11442195","Nur 2025","10.1038/s41746-023-00979-5","Li 2023"
"10.1109/3ict68299.2025.11442195","Nur 2025","10.2196/57400","Guo 2024"
"10.1109/3ict68299.2025.11442195","Nur 2025","10.3390/children12030359","Mansoor 2025"
"10.1016/b978-0-443-41660-6.00016-8","Katoch 2025","10.1016/j.iotcps.2023.04.003","Ray 2023"
"10.1016/b978-0-443-41660-6.00016-8","Katoch 2025","10.1177/20552076231183542","Coghlan 2023"
"10.1016/b978-0-443-41660-6.00016-8","Katoch 2025","10.1371/journal.pdig.0000492","Nadarzynski 2024"
"10.1080/10447318.2025.2594149","Sun 2025","10.3390/healthcare12010062","Rodríguez-Martínez 2023"
"10.1080/10447318.2025.2594149","Sun 2025","10.1016/j.aej.2024.07.098","Alotaibi 2024"
"10.1109/bigdata66926.2025.11402191","Ruga 2025","10.1145/3729479","Ramjee 2025"
"10.2196/66633","Chow 2025","10.2196/36831","Shan 2022"
"10.2196/66633","Chow 2025","10.1016/j.health.2022.100072","Montenegro 2022"
"10.2196/66633","Chow 2025","10.3390/healthcare11060887","Sallam 2023"
"10.2196/66633","Chow 2025","10.2147/ijgm.s408208","Wang 2023"
"10.2196/66633","Chow 2025","10.2196/43068","Fournier-Tombs 2023"
"10.2196/66633","Chow 2025","10.1145/3582515.3609536","Montagna 2023"
"10.2196/66633","Chow 2025","10.1001/jamaoncol.2023.2947","Pan 2023"
"10.2196/66633","Chow 2025","10.2196/47551","Li 2023"
"10.2196/66633","Chow 2025","10.1561/116.00000064","Xue 2024"
"10.2196/66633","Chow 2025","10.3390/biomedinformatics4010047","Chow 2024"
"10.2196/66633","Chow 2025","10.2196/56930","Laymouna 2024"
"10.2196/66633","Chow 2025","10.1016/j.cmpb.2024.108302","Lee 2024"
"10.2196/66633","Chow 2025","10.2196/64406","Chow 2024"
"10.1109/icdh67620.2025.00040","Wen 2025","10.1145/3544548.3581503","Jo 2023"
"10.20965/jaciii.2025.p0041","Guo 2025","10.2196/43236","Sakane 2023"
"10.2196/75078","Boit 2025","10.1016/j.jad.2022.09.028","Martinengo 2022"
"10.2196/75078","Boit 2025","10.3390/jpm13091363","Valencia 2023"
"10.2196/75078","Boit 2025","10.2196/50767","Martinengo 2023"
"10.2196/75078","Boit 2025","10.2196/47551","Li 2023"
"10.2196/75078","Boit 2025","10.1038/s41746-023-00979-5","Li 2023"
"10.2196/75078","Boit 2025","10.1109/access.2023.3348783","Abilkaiyrkyzy 2024"
"10.2196/75078","Boit 2025","10.1037/amp0001195","Diaz‐Asper 2024"
"10.2196/75078","Boit 2025","10.1561/116.00000064","Xue 2024"
"10.2196/75078","Boit 2025","10.3390/biomedinformatics4010047","Chow 2024"
"10.2196/75078","Boit 2025","10.2196/56114","Anisha 2024"
"10.2196/75078","Boit 2025","10.2196/57400","Guo 2024"
"10.2196/75078","Boit 2025","10.2196/64406","Chow 2024"
"10.2196/75078","Boit 2025","10.1609/hcomp.v12i1.31597","Bo 2024"
"10.2196/75078","Boit 2025","10.3390/info16010011","Manole 2024"
"10.2196/75078","Boit 2025","10.3390/brainsci15010047","Pergantis 2025"
"10.2196/75078","Boit 2025","10.2196/66633","Chow 2025"
"10.2196/75078","Boit 2025","10.2196/69820","Waaler 2025"
"10.2196/75078","Boit 2025","10.2196/63058","Choo 2025"
"10.1109/asiancon66527.2025.11281223","Punj 2025","10.1177/20552076231183542","Coghlan 2023"
"10.1109/asiancon66527.2025.11281223","Punj 2025","10.3390/informatics10040082","Balcombe 2023"
"10.1155/hbe2/8841208","Chan 2025","10.3389/fdgth.2023.1278186","Khawaja 2023"
"10.1155/hbe2/8841208","Chan 2025","10.3390/bs15030287","Chan 2025"
"10.17645/si.9998","Mielismäki 2025","10.1080/1369118x.2024.2363900","Henry 2024"
"10.3390/info16010011","Manole 2024","10.3390/informatics10040082","Balcombe 2023"
"10.3390/info16010011","Manole 2024","10.1038/s41746-023-00979-5","Li 2023"
"10.3390/info16010011","Manole 2024","10.2196/50454","Schillings 2024"
"10.1109/iotais67227.2025.11282115","Theng 2025","10.3389/fpubh.2025.1530799","Wah 2025"
"10.1016/j.tele.2024.102211","Urman 2024","10.3390/healthcare11060887","Sallam 2023"
"10.1109/bsn66969.2025.11337405","Lyu 2025","10.2196/57400","Guo 2024"
"10.1109/bsn66969.2025.11337405","Lyu 2025","10.1038/s41746-025-01611-4","Hua 2025"
"10.3389/fped.2025.1646989","Collins 2025","10.2196/47564","Shahsavar 2023"
"10.3389/fped.2025.1646989","Collins 2025","10.1038/s41746-024-01074-z","Abbasian 2024"
"10.3389/fped.2025.1646989","Collins 2025","10.2196/56628","Hindelang 2024"
"10.3389/fped.2025.1646989","Collins 2025","10.1080/00140139.2024.2434604","Pak 2024"
"10.1007/978-981-97-9327-3_39","Kaysar 2025","10.1109/icast55766.2022.10039576","Nayar 2022"
"10.1007/978-981-97-9327-3_39","Kaysar 2025","10.1109/icscds56580.2023.10104905","Anand 2023"
"10.1109/icedeg65568.2025.11081666","Morocho 2025","10.1007/978-981-16-3961-6_8","Aggarwal 2021"
"10.1109/icedeg65568.2025.11081666","Morocho 2025","10.1109/iciptm54933.2022.9754016","Goel 2022"
"10.1109/icedeg65568.2025.11081666","Morocho 2025","10.1109/scse56529.2022.9905107","Anushka 2022"
"10.1109/icedeg65568.2025.11081666","Morocho 2025","10.1145/3594806.3604765","Kaponis 2023"
"10.1109/icedeg65568.2025.11081666","Morocho 2025","10.1002/jdd.13560","Prakash 2024"
"10.1109/icedeg65568.2025.11081666","Morocho 2025","10.2196/60361","Kotov 2024"
"10.1080/17439884.2024.2367052","Kurian 2024","10.1177/14639491231206004","Kurian 2023"
"10.1109/bigdata66926.2025.11402164","Bellard 2025","10.1038/s41746-024-01074-z","Abbasian 2024"
"10.1109/fllm67465.2025.11390943","Benmalek 2025","10.3390/healthcare11060887","Sallam 2023"
"10.1109/fllm67465.2025.11390943","Benmalek 2025","10.1016/j.iotcps.2023.04.003","Ray 2023"
"10.1080/20008066.2025.2468117","Weinreich 2025","10.1016/j.nsa.2024.104089","Lahutina 2024"
"10.1109/jbhi.2025.3528526","Sun 2025","10.1016/j.cosrev.2024.100632","Casheekar 2024"
"10.1109/scse65633.2025.11030959","Jayawardena 2025","10.1109/i2ct54291.2022.9824674","Sasmitha 2022"
"10.1002/9781394275311.ch1","Purohıt 2025","10.1016/j.iotcps.2023.04.003","Ray 2023"
"10.1002/9781394275311.ch1","Purohıt 2025","10.1177/20552076231183542","Coghlan 2023"
"10.1002/9781394275311.ch1","Purohıt 2025","10.1016/j.bushor.2024.03.003","Abdelhalim 2024"
"10.2196/65589","Kim 2025","10.24251/hicss.2022.258","Xie 2022"
"10.2196/65589","Kim 2025","10.1038/s44184-023-00047-6","Maples 2024"
"10.1109/rew66121.2025.00077","Jit 2025","10.1038/s44184-023-00047-6","Maples 2024"
"10.1002/asi.24898","Gumusel 2024","10.1145/3579618","Niksirat 2023"
"10.3389/froh.2025.1587630","McGrath 2025","10.1111/edt.13000","Johnson 2024"
"10.1007/s41347-025-00549-4","Adewale 2025","10.24251/hicss.2022.258","Xie 2022"
"10.1007/s41347-025-00549-4","Adewale 2025","10.1038/s44184-023-00047-6","Maples 2024"
"10.1007/s41347-025-00549-4","Adewale 2025","10.55092/let20240003","Shevlin 2024"
"10.1136/jme-2025-110972","Garcia 2025","10.1038/s41746-024-01072-1","Balan 2024"
"10.1109/indicon68490.2025.11392985","Chandan 2025","10.1038/s41746-024-01072-1","Balan 2024"
"10.1109/indicon68490.2025.11392985","Chandan 2025","10.18653/v1/2025.findings-acl.1292","Aghakhani 2025"
"10.1109/eecsi67060.2025.11290231","Syakurah 2025","10.1177/20552076231183542","Coghlan 2023"
"10.1109/eecsi67060.2025.11290231","Syakurah 2025","10.1145/3604571.3604578","Ng 2023"
"10.1109/eecsi67060.2025.11290231","Syakurah 2025","10.1371/journal.pdig.0000492","Nadarzynski 2024"
"10.1109/eecsi67060.2025.11290231","Syakurah 2025","10.3390/socsci13070381","Saeidnia 2024"
"10.1109/eecsi67060.2025.11290231","Syakurah 2025","10.57187/s.3954","Nehme 2024"
"10.1109/eecsi67060.2025.11290231","Syakurah 2025","10.1038/s44184-024-00097-4","Siddals 2024"
"10.1109/cyber-rci68134.2025.11385091","Daly 2025","10.1145/3544548.3581252","Xiao 2023"
"10.1109/c366505.2025.11340323","Yauri 2025","10.1007/s10844-025-00970-4","Fatima 2025"
"10.3389/frai.2025.1681979","Meyer 2025","10.2196/47564","Shahsavar 2023"
"10.1109/ic366947.2025.11290665","Surana 2025","10.1016/j.procs.2024.10.356","Desage 2024"
"10.18008/1816-5095-2025-4-725-731","Trubilin 2025","10.1016/j.urology.2025.01.054","Stapleton 2025"
"10.18008/1816-5095-2025-4-725-731","Trubilin 2025","10.1111/ans.70053","COLLIN 2025"
"10.18008/1816-5095-2025-4-725-731","Trubilin 2025","10.1016/j.ajodo.2025.04.008","Metin 2025"
"10.18008/1816-5095-2025-4-725-731","Trubilin 2025","10.3390/dj13080343","Martina 2025"
"10.18008/1816-5095-2025-4-725-731","Trubilin 2025","10.1016/j.jpurol.2025.08.029","Stapleton 2025"
"10.1109/icrteect67512.2025.11448878","Devassy 2025","10.1109/access.2023.3348783","Abilkaiyrkyzy 2024"
"10.1109/fit67061.2025.11333638","Sohail 2025","10.3389/fpubh.2023.1063466","Yang 2023"
"10.1109/fit67061.2025.11333638","Sohail 2025","10.2196/66633","Chow 2025"
"10.1109/fit67061.2025.11333638","Sohail 2025","10.3390/jcm14051676","Troian 2025"
"10.1109/fit67061.2025.11333638","Sohail 2025","10.1177/20552076251319174","Barreda 2025"
"10.1109/aixmhc65380.2025.00033","Azhar 2025","10.3389/fmed.2024.1392555","Zhou 2024"
"10.1109/iceconf65644.2025.11379668","Velrani 2025","10.3390/info15080443","Szmurlo 2024"
"10.1109/icstsn67075.2025.11397918","Usharani 2025","10.1109/scse56529.2022.9905107","Anushka 2022"
"10.1109/icstsn67075.2025.11397918","Usharani 2025","10.1109/icedeg65568.2025.11081666","Morocho 2025"
"10.1177/00302228251372418","Manevich 2025","10.1007/s11245-023-09995-2","Fabry 2024"
"10.1177/00302228251372418","Manevich 2025","10.1007/s40501-024-00340-x","Blease 2024"
"10.1109/icstsn67075.2025.11397970","K 2025","10.18653/v1/2024.trustnlp-1.6","Lin 2024"
"10.1109/icstsn67075.2025.11397970","K 2025","10.1109/eit60633.2024.10609922","Lan 2024"
"10.1108/imds-05-2025-0643","Liu 2025","10.2196/40789","Aggarwal 2023"
"10.1108/imds-05-2025-0643","Liu 2025","10.1016/j.techfore.2024.123407","Liu 2024"
"10.1108/imds-05-2025-0643","Liu 2025","10.1016/j.teler.2024.100153","Alqaidi 2024"
"10.1108/imds-05-2025-0643","Liu 2025","10.2196/67682","Baek 2025"
"10.1109/icetisi67983.2025.11406053","Manalese 2025","10.2196/69294","Malouin-Lachance 2025"
"10.1109/aece67531.2025.11386653","Kushwaha 2025","10.1109/icetm63734.2025.11051911","Varshney 2025"
"10.1109/icimcis68501.2025.11327020","Christiawan 2025","10.1109/icrito61523.2024.10522371","Kumar 2024"
"10.1109/icimcis68501.2025.11327020","Christiawan 2025","10.1109/icecie63774.2024.10815693","Sree 2024"
"10.1007/s41347-025-00562-7","Çakmak 2025","10.1080/07853890.2024.2302980","Kurniawan 2024"
"10.1007/s41347-025-00562-7","Çakmak 2025","10.1002/capr.12786","Ogilvie 2024"
"10.1177/10755470251398722","Huang 2025","10.2196/40789","Aggarwal 2023"
"10.1080/02650487.2024.2411669","Kim 2024","10.1108/intr-08-2023-0702","Jin 2024"
"10.1109/worldsuas66815.2025.11198878","Joshi 2025","10.1002/wps.21183","Linardon 2024"
"10.1109/worldsuas66815.2025.11198878","Joshi 2025","10.2196/57400","Guo 2024"
"10.2174/9789815324457125010012","Sharma 2025","10.2196/53556","Minian 2023"
"10.1109/seeda-cecnsm68644.2025.11329686","Krouska 2025","10.1109/icaa52185.2022.00023","Beattie 2022"
"10.1109/seeda-cecnsm68644.2025.11329686","Krouska 2025","10.3390/info15060299","Williamson 2024"
"10.1109/seeda-cecnsm68644.2025.11329686","Krouska 2025","10.3390/computers14030100","Ahmed 2025"
"10.1109/worldsuas66815.2025.11199219","Jadhav 2025","10.1109/iatmsi64286.2025.10984885","Suresh 2025"
"10.2147/jmdh.s559626","Mikaeili 2025","10.2196/56930","Laymouna 2024"
"10.2147/jmdh.s559626","Mikaeili 2025","10.2196/70436","Tong 2025"
"10.2147/jmdh.s559626","Mikaeili 2025","10.3390/healthcare13101205","Ni 2025"
"10.1109/emergin67762.2025.11450834","Jayanth 2025","10.2196/57400","Guo 2024"
"10.1002/asi.24955","Potnis 2024","10.1016/j.ssci.2023.106244","Oviedo-Trespalacios 2023"
"10.1109/decon67170.2025.11447870","Singh 2025","10.3390/biomedinformatics4010047","Chow 2024"
"10.1109/decon67170.2025.11447870","Singh 2025","10.2196/56628","Hindelang 2024"
"10.1109/decon67170.2025.11447870","Singh 2025","10.1002/hcs2.70031","Munjal 2025"
"10.1109/ssitcon66133.2025.11342112","V 2025","10.1109/access.2023.3348783","Abilkaiyrkyzy 2024"
"10.1109/ecce64574.2025.11012968","Akter 2025","10.3390/informatics10040082","Balcombe 2023"
"10.2196/76661","Chow 2025","10.1016/j.iotcps.2023.04.003","Ray 2023"
"10.1080/10447318.2024.2344149","Cheng 2024","10.1080/10447318.2023.2279402","Jin 2023"
"10.3389/fdgth.2025.1528580","Keyan 2025","10.1002/wps.20947","Hall 2022"
"10.3389/fdgth.2025.1528580","Keyan 2025","10.1038/s41746-023-00979-5","Li 2023"
"10.3389/fdgth.2025.1528580","Keyan 2025","10.2196/63515","Graaff 2024"
"10.1177/18344909251355673","Yuan 2025","10.5210/fm.v28i11.13346","Ferrara 2023"
"10.1016/j.procs.2025.02.190","Podoreanu 2025","10.3390/healthcare12010062","Rodríguez-Martínez 2023"
"10.1007/s41870-025-02590-1","Nimala 2025","10.1109/access.2023.3348783","Abilkaiyrkyzy 2024"
"10.1007/s41870-025-02590-1","Nimala 2025","10.2196/57400","Guo 2024"
"10.1007/s41870-025-02590-1","Nimala 2025","10.1038/s44184-024-00097-4","Siddals 2024"
"10.1080/2692398x.2025.2549605","Gonzalez 2025","10.3390/socsci13070381","Saeidnia 2024"
"10.1007/s11097-025-10099-y","Stendera 2025","10.1007/s11245-023-09995-2","Fabry 2024"
"10.31612/2616-4868.8.2024.02","Shevchenko 2024","10.2196/40789","Aggarwal 2023"
"10.1007/978-981-96-6254-8_50","Singh 2025","10.2196/40789","Aggarwal 2023"
"10.1109/icdsis65355.2025.11070974","Marrelli 2025","10.1109/access.2023.3348783","Abilkaiyrkyzy 2024"
"10.1108/ajim-10-2024-0803","Xie 2025","10.1145/3579618","Niksirat 2023"
"10.2196/71865","Kim 2025","10.2196/40789","Aggarwal 2023"
"10.1097/crd.0000000000001042","Tran 2025","10.1093/europace/euad369","Hillmann 2023"
"10.1097/crd.0000000000001042","Tran 2025","10.3389/fpubh.2025.1530799","Wah 2025"
"10.3389/fdgth.2025.1530131","Edalat 2025","10.1109/cogmi56440.2022.00025","Law 2022"
"10.3389/fdgth.2025.1530131","Edalat 2025","10.2196/47217","Xue 2023"
"10.1080/0144929x.2025.2477754","Esmaeilzadeh 2025","10.1080/10447318.2021.1988236","Zhu 2021"
"10.1080/0144929x.2025.2477754","Esmaeilzadeh 2025","10.1177/20552076221090031","Zhu 2022"
"10.1080/0144929x.2025.2477754","Esmaeilzadeh 2025","10.1007/978-981-19-2719-5_65","Gundavarapu 2022"
"10.1080/0144929x.2025.2477754","Esmaeilzadeh 2025","10.2196/40789","Aggarwal 2023"
"10.1080/0144929x.2025.2477754","Esmaeilzadeh 2025","10.3389/fdgth.2023.1278186","Khawaja 2023"
"10.1080/0144929x.2025.2477754","Esmaeilzadeh 2025","10.1080/07853890.2024.2302980","Kurniawan 2024"
"10.1080/0144929x.2025.2477754","Esmaeilzadeh 2025","10.1016/j.techsoc.2024.102566","Wei 2024"
"10.1109/rmkmate64874.2025.11042414","Sumitha 2025","10.1109/temsconeurope54743.2022.9801962","Damij 2022"
"10.1109/rmkmate64874.2025.11042414","Sumitha 2025","10.1109/icscds56580.2023.10104905","Anand 2023"
"10.1109/rmkmate64874.2025.11042414","Sumitha 2025","10.1109/smartworld-uic-atc-scalcom-digitaltwin-pricomp-metaverse56740.2022.00160","Tian 2022"
"10.1109/rmkmate64874.2025.11042414","Sumitha 2025","10.1109/access.2023.3348783","Abilkaiyrkyzy 2024"
"10.1109/rmkmate64874.2025.11042414","Sumitha 2025","10.1109/mitadtsocicon60330.2024.10575017","Dolas 2024"
"10.1007/978-3-031-82706-8_23","Gounder 2025","10.1080/15265161.2022.2048739","Sedláková 2022"
"10.1007/978-3-031-82706-8_23","Gounder 2025","10.1007/978-981-99-1203-2_39","Ghoshal 2023"
"10.3389/fpsyt.2025.1628216","Sohn 2025","10.3390/app13116355","Jing 2023"
"10.3389/fpsyt.2025.1628216","Sohn 2025","10.2196/57400","Guo 2024"
"10.1177/23259582251327911","Rupani 2025","10.3390/informatics10040082","Balcombe 2023"
"10.1177/23259582251327911","Rupani 2025","10.2196/55559","Galea 2024"
"10.1007/978-3-031-80943-9_86","Lenh 2025","10.1609/aaai.v37i12.26685","Mishra 2023"
"10.1007/978-3-031-80943-9_86","Lenh 2025","10.1109/access.2023.3348783","Abilkaiyrkyzy 2024"
"10.3389/fpsyg.2025.1453072","Yao 2025","10.24251/hicss.2022.258","Xie 2022"
"10.3389/fhumd.2025.1549325","Bapat 2025","10.3389/fdgth.2023.1278186","Khawaja 2023"
"10.3389/fhumd.2025.1549325","Bapat 2025","10.3390/socsci13070381","Saeidnia 2024"
"10.3389/fdgth.2025.1541676","Baumel 2025","10.2196/40789","Aggarwal 2023"
"10.2196/71977","Adhikary 2025","10.2196/29969","Wang 2022"
"10.2196/71977","Adhikary 2025","10.1145/3706598.3713362","Deva 2025"
"10.1109/dsn-s65789.2025.00022","Mishra 2025","10.1109/isdfs60797.2024.10527300","Shibli 2024"
"10.1007/978-981-96-5822-0_34","Nandi 2025","10.1007/978-3-031-66538-7_22","Haez 2024"
"10.2196/69534","Parks 2025","10.3390/informatics10040082","Balcombe 2023"
"10.1007/s10899-025-10430-x","Ghaharian 2025","10.1016/j.ssci.2023.106244","Oviedo-Trespalacios 2023"
"10.1109/iccct63501.2025.11020161","Sivagar 2025","10.1109/access.2023.3348783","Abilkaiyrkyzy 2024"
"10.1109/ieeeconf65522.2025.11137008","Shi 2025","10.1177/20552076231183542","Coghlan 2023"
"10.1109/ieeeconf65522.2025.11137008","Shi 2025","10.2196/47960","Karkosz 2023"
"10.1109/ieeeconf65522.2025.11137008","Shi 2025","10.3389/fdgth.2023.1278186","Khawaja 2023"
"10.1109/ieeeconf65522.2025.11137008","Shi 2025","10.1145/3715275.3732063","Chandra 2025"
"10.1109/cai64502.2025.00038","AlMakinah 2025","10.3390/informatics10040082","Balcombe 2023"
"10.1109/cai64502.2025.00038","AlMakinah 2025","10.1145/3623809.3623865","Lin 2023"
"10.1109/iatmsi64286.2025.10984885","Suresh 2025","10.3390/s24186140","Pap 2024"
"10.1016/j.techsoc.2024.102566","Wei 2024","10.1016/j.iotcps.2023.04.003","Ray 2023"
"10.1016/j.techsoc.2024.102566","Wei 2024","10.2196/47564","Shahsavar 2023"
"10.1016/j.techsoc.2024.102566","Wei 2024","10.15678/eber.2023.110201","Wach 2023"
"10.3390/bdcc8100130","Karami 2024","10.2196/40789","Aggarwal 2023"
"10.3390/bdcc8100130","Karami 2024","10.1007/978-3-031-34960-7_22","Cabrera 2023"
"10.1057/s41599-023-02464-6","Polyportis 2024","10.3390/healthcare11060887","Sallam 2023"
"10.1016/j.csbj.2024.10.050","Gumilar 2024","10.5468/ogs.23231","Lee 2024"
"10.1002/jdd.13560","Prakash 2024","10.3390/healthcare11060887","Sallam 2023"
"10.1016/j.bushor.2024.03.001","Hannigan 2024","10.1016/j.bushor.2024.04.011","Brewer 2024"
"10.1186/s43058-024-00569-w","Marcotte 2024","10.3390/healthcare11060887","Sallam 2023"
"10.1186/s43058-024-00569-w","Marcotte 2024","10.3390/jpm13091363","Valencia 2023"
"10.1007/s10586-024-04515-2","Jalali 2024","10.3390/app13116355","Jing 2023"
"10.1145/3640794.3665886","Höhn 2024","10.1177/20552076231183542","Coghlan 2023"
"10.1145/3640794.3665886","Höhn 2024","10.1017/s1049023x23006568","Birkun 2023"
"10.1145/3630106.3659048","Cheong 2024","10.3390/healthcare11060887","Sallam 2023"
"10.4018/979-8-3693-3719-6.ch006","Tanyıldızı 2024","10.5505/turkhijyen.2023.78370","Yıldız 2023"
"10.1145/3589334.3645643","Jin 2024","10.2196/47564","Shahsavar 2023"
"10.3390/children11060750","Engin 2024","10.3390/healthcare11060887","Sallam 2023"
"10.3390/children11060750","Engin 2024","10.1007/s00464-024-10739-5","Ghanem 2024"
"10.3390/children11060750","Engin 2024","10.1080/08820538.2024.2326058","Cohen 2024"
"10.1038/s44184-023-00047-6","Maples 2024","10.1038/s41746-022-00560-6","Parmar 2022"
"10.57187/s.3954","Nehme 2024","10.1080/07853890.2024.2302980","Kurniawan 2024"
"10.1145/3613904.3642960","Hu 2024","10.1145/3491102.3502005","Ding 2022"
"10.1016/j.smhl.2024.100465","Yang 2024","10.1016/j.cpcardiol.2023.102048","Birkun 2023"
"10.3390/socsci13070381","Saeidnia 2024","10.3390/informatics10040082","Balcombe 2023"
"10.3390/socsci13070381","Saeidnia 2024","10.1038/s41746-023-00979-5","Li 2023"
"10.1145/3610978.3638378","Lima 2024","10.1109/ro-man57019.2023.10309459","Lima 2023"
"10.3390/electronics13142785","Richards 2024","10.1145/3570945.3607359","Bajwa 2023"
"10.3390/electronics13142785","Richards 2024","10.1097/ju.0000000000003832","Caldwell 2023"
"10.1002/erv.3082","D’Adamo 2024","10.1002/eat.23798","Shah 2022"
"10.1136/bmjopen-2023-081155","Collaborative 2024","10.3390/healthcare11060887","Sallam 2023"
"10.3390/biomedinformatics4010047","Chow 2024","10.2196/43068","Fournier-Tombs 2023"
"10.3390/biomedinformatics4010047","Chow 2024","10.2196/47479","Walker 2023"
"10.3390/biomedinformatics4010047","Chow 2024","10.1080/10447318.2023.2279402","Jin 2023"
"10.3390/biomedinformatics4010047","Chow 2024","10.2196/47551","Li 2023"
"10.1145/3669754.3669777","Jusoh 2024","10.2196/38743","Ludin 2022"
"10.1038/s41746-024-01072-1","Balan 2024","10.2196/38743","Ludin 2022"
"10.1016/j.cosrev.2024.100632","Casheekar 2024","10.1016/j.iotcps.2023.04.003","Ray 2023"
"10.1016/j.cosrev.2024.100632","Casheekar 2024","10.18653/v1/2023.findings-emnlp.88","Deshpande 2023"
"10.1145/3631700.3665193","Sorino 2024","10.15678/eber.2023.110201","Wach 2023"
"10.1016/j.chbr.2024.100401","Herbener 2024","10.1016/j.ijhcs.2021.102771","Loveys 2022"
"10.1016/j.chbr.2024.100401","Herbener 2024","10.1080/15265161.2022.2048739","Sedláková 2022"
"10.1038/s44184-024-00097-4","Siddals 2024","10.18653/v1/2023.emnlp-main.698","Cho 2023"
"10.1038/s44184-024-00097-4","Siddals 2024","10.1038/s41746-023-00979-5","Li 2023"
"10.1038/s44184-024-00097-4","Siddals 2024","10.1038/s44184-023-00047-6","Maples 2024"
"10.1038/s44184-024-00097-4","Siddals 2024","10.1038/s41591-024-02943-6","Freitas 2024"
"10.1016/j.bushor.2024.03.003","Abdelhalim 2024","10.1016/j.bushor.2024.03.001","Hannigan 2024"
"10.1016/j.bushor.2024.03.003","Abdelhalim 2024","10.1016/j.bushor.2024.04.011","Brewer 2024"
"10.1016/j.bushor.2024.04.011","Brewer 2024","10.1016/j.bushor.2024.03.001","Hannigan 2024"
"10.1016/j.bushor.2024.04.011","Brewer 2024","10.1016/j.bushor.2024.03.003","Abdelhalim 2024"
"10.1016/j.wneu.2024.03.149","Shlobin 2024","10.1016/j.iotcps.2023.04.003","Ray 2023"
"10.3390/info15060299","Williamson 2024","10.1145/3617694.3623226","Carroll 2023"
"10.1016/j.wneu.2024.04.165","Shlobin 2024","10.1016/j.iotcps.2023.04.003","Ray 2023"
"10.1016/j.wneu.2024.04.165","Shlobin 2024","10.1007/s00586-023-07975-z","Stroop 2023"
"10.1016/j.teler.2024.100153","Alqaidi 2024","10.1201/9781003051022-5","Nigam 2022"
"10.4018/979-8-3693-3003-6.ch008","Pears 2024","10.3390/healthcare11060887","Sallam 2023"
"10.4204/eptcs.411.5","Gatti 2024","10.1145/3605159.3605855","Ferrando 2023"
"10.1109/icicn62625.2024.10761619","Samonte 2024","10.3390/app13116355","Jing 2023"
"10.3389/fpsyt.2024.1512818","Vignapiano 2025","10.3389/fpsyt.2024.1414439","Monaco 2024"
"10.1109/bigdata62323.2024.10825345","Turhan 2024","10.1002/ctd2.29","Chen 2022"
"10.1109/icecie63774.2024.10815693","Sree 2024","10.3390/healthcare11060887","Sallam 2023"
"10.2196/60361","Kotov 2024","10.1038/s41746-023-00979-5","Li 2023"
"10.1007/978-3-031-61379-1_7","Taylor 2024","10.1007/978-3-031-35992-7_24","Taylor 2023"
"10.2196/53225","Sezgın 2024","10.1093/jamia/ocad222","Ding 2023"
"10.1109/icstem61137.2024.10561046","Nivedhitha 2024","10.1109/iraset52964.2022.9738103","Mellah 2022"
"10.1109/icstem61137.2024.10561046","Nivedhitha 2024","10.1109/incet54531.2022.9824767","Nikam 2022"
"10.1109/icstem61137.2024.10561046","Nivedhitha 2024","10.1109/icast55766.2022.10039576","Nayar 2022"
"10.1109/icstem61137.2024.10561046","Nivedhitha 2024","10.1109/otcon56053.2023.10114025","Vineeth 2023"
"10.3389/fpsyt.2024.1462083","Denecke 2024","10.1016/j.jad.2022.09.028","Martinengo 2022"
"10.3389/fpsyt.2024.1462083","Denecke 2024","10.3390/healthcare11081061","Denecke 2023"
"10.3389/fpsyt.2024.1462083","Denecke 2024","10.1177/20552076231183542","Coghlan 2023"
"10.3389/fpsyt.2024.1462083","Denecke 2024","10.3389/fdgth.2023.1278186","Khawaja 2023"
"10.3389/fpsyt.2024.1462083","Denecke 2024","10.3389/fpsyt.2023.1277756","Dergaa 2024"
"10.2196/54668","Ma 2023","10.2196/45772","Sadasivan 2023"
"10.2196/54668","Ma 2023","10.2196/42506","Au 2023"
"10.1109/tce.2024.3417688","Shang 2024","10.1145/3582515.3609536","Montagna 2023"
"10.1080/12460125.2024.2410042","Göktaş 2024","10.3390/healthcare11060887","Sallam 2023"
"10.1080/12460125.2024.2410042","Göktaş 2024","10.1016/j.jaip.2023.05.042","Göktaş 2023"
"10.1080/12460125.2024.2410042","Göktaş 2024","10.1093/ced/llae119","Göktaş 2024"
"10.1016/j.procs.2024.10.356","Desage 2024","10.1093/jamia/ocad222","Ding 2023"
"10.1016/j.procs.2024.10.356","Desage 2024","10.2196/64396","Rządeczka 2024"
"10.1177/20552076241228430","Singh 2024","10.1109/scse56529.2022.9905107","Anushka 2022"
"10.1080/12460125.2024.2443226","Kéfi 2024","10.24251/hicss.2022.258","Xie 2022"
"10.1080/12460125.2024.2443226","Kéfi 2024","10.1016/j.ijhcs.2021.102771","Loveys 2022"
"10.1080/12460125.2024.2443226","Kéfi 2024","10.1016/j.clsr.2024.106019","Dewitte 2024"
"10.2196/55988","Hadar‐Shoval 2024","10.1080/15265161.2022.2048739","Sedláková 2022"
"10.2196/55988","Hadar‐Shoval 2024","10.3389/fpsyt.2023.1234397","Hadar‐Shoval 2023"
"10.1177/20552076241300020","Vliet 2024","10.1145/3514197.3551252","Baccinelli 2022"
"10.1109/icercs63125.2024.10895578","Sauhandikaa 2024","10.3390/biomedinformatics4010047","Chow 2024"
"10.3389/fpsyt.2024.1414439","Monaco 2024","10.1186/s40337-022-00581-2","Fardouly 2022"
"10.1109/eurospw61312.2024.00060","Ragab 2024","10.24251/hicss.2022.258","Xie 2022"
"10.1108/jhom-10-2023-0302","Basharat 2024","10.1080/07853890.2024.2302980","Kurniawan 2024"
"10.1109/acroset62108.2024.10743713","Shaikh 2024","10.1109/icpcsn58827.2023.00286","Chavan 2023"
"10.1007/978-3-031-63851-0_15","Costa 2024","10.3390/app13116355","Jing 2023"
"10.4018/979-8-3693-3715-8.ch005","Ramteke 2024","10.3390/app13116355","Jing 2023"
"10.1109/icit58233.2024.10540818","Ranasinghe 2024","10.1016/j.future.2021.08.015","Adikari 2021"
"10.1080/08874417.2024.2401991","Roehrer 2024","10.2196/40789","Aggarwal 2023"
"10.1080/08874417.2024.2401991","Roehrer 2024","10.1177/20552076231183542","Coghlan 2023"
"10.1080/08874417.2024.2401991","Roehrer 2024","10.3390/informatics10040082","Balcombe 2023"
"10.34190/icgr.7.1.2058","Hess 2024","10.1109/icaa52185.2022.00023","Beattie 2022"
"10.34190/icgr.7.1.2058","Hess 2024","10.1016/j.iotcps.2023.04.003","Ray 2023"
"10.1109/tem.2023.3339578","Arpacı 2023","10.1080/15265161.2022.2048739","Sedláková 2022"
"10.1109/uemcon62879.2024.10754689","Stein 2024","10.1109/icaa52185.2022.00023","Beattie 2022"
"10.1109/uemcon62879.2024.10754689","Stein 2024","10.1016/j.bushor.2024.03.003","Abdelhalim 2024"
"10.1080/07366981.2024.2378934","Zainabi 2024","10.3390/app13116355","Jing 2023"
"10.1109/csdgais64098.2024.11064846","Lotfy 2024","10.1038/s41591-024-02943-6","Freitas 2024"
"10.20532/cit.2024.1005778","Gao 2024","10.18653/v1/2022.acl-long.261","Ziems 2022"
"10.20532/cit.2024.1005778","Gao 2024","10.18653/v1/2023.acl-long.2","Zhang 2023"
"10.1109/access.2024.3425172","Bukar 2024","10.3390/healthcare11060887","Sallam 2023"
"10.1109/access.2024.3425172","Bukar 2024","10.1016/j.iotcps.2023.04.003","Ray 2023"
"10.1109/access.2024.3425172","Bukar 2024","10.2196/47564","Shahsavar 2023"
"10.1109/access.2024.3425172","Bukar 2024","10.1007/s11606-023-08271-8","Matulis 2023"
"10.1109/access.2024.3425172","Bukar 2024","10.1136/jme-2023-109347","Allen 2023"
"10.1109/icrito61523.2024.10522371","Kumar 2024","10.3390/informatics10040082","Balcombe 2023"
"10.1007/978-3-031-70074-3_4","Buzcu 2024","10.1109/cbms58004.2023.00309","Montagna 2023"
"10.2196/64406","Chow 2024","10.3390/healthcare11060887","Sallam 2023"
"10.2196/64406","Chow 2024","10.3389/fdgth.2023.1161098","Yeung 2023"
"10.2196/64406","Chow 2024","10.3390/app13116355","Jing 2023"
"10.2196/64406","Chow 2024","10.2196/47479","Walker 2023"
"10.2196/64406","Chow 2024","10.18261/olr.10.1.1","Hauglid 2023"
"10.2196/64406","Chow 2024","10.1001/jamaoncol.2023.2947","Pan 2023"
"10.2196/64406","Chow 2024","10.2196/47217","Xue 2023"
"10.2196/64406","Chow 2024","10.2196/47551","Li 2023"
"10.2196/56894","Chua 2024","10.1016/j.pec.2023.107805","Chua 2023"
"10.1007/978-3-031-66538-7_22","Haez 2024","10.1038/s41746-024-01074-z","Abbasian 2024"
"10.1145/3607947.3608008","Sharma 2023","10.1016/j.pec.2021.09.027","Siglen 2021"
"10.1145/3638380.3638421","Sawad 2023","10.1177/20552076231183542","Coghlan 2023"
"10.3390/app13116355","Jing 2023","10.2196/38740","Dhinagaran 2022"
"10.3390/app13116355","Jing 2023","10.2196/40789","Aggarwal 2023"
"10.3390/app13116355","Jing 2023","10.3390/healthcare11060887","Sallam 2023"
"10.1145/3600211.3604748","Kim 2023","10.18653/v1/2023.findings-emnlp.88","Deshpande 2023"
"10.1177/20552076231182807","Minian 2023","10.1038/s41746-022-00560-6","Parmar 2022"
"10.1016/j.xops.2023.100394","Tan 2023","10.3389/fdgth.2023.1161098","Yeung 2023"
"10.1109/hnicem60674.2023.10589020","Evangelista 2023","10.3390/healthcare11060887","Sallam 2023"
"10.1109/hnicem60674.2023.10589020","Evangelista 2023","10.2196/43068","Fournier-Tombs 2023"
"10.5812/semj-139627","Mahdavi 2023","10.1038/s41598-021-03869-6","Pandey 2022"
"10.1007/978-3-031-48060-7_14","Mai 2023","10.1007/978-3-031-21707-4_28","Mai 2022"
"10.2196/50767","Martinengo 2023","10.2196/38740","Dhinagaran 2022"
"10.1016/j.tbench.2023.100136","Ray 2023","10.1016/j.iotcps.2023.04.003","Ray 2023"
"10.2196/53556","Minian 2023","10.2196/40789","Aggarwal 2023"
"10.2196/53556","Minian 2023","10.1177/20552076231182807","Minian 2023"
"10.1016/j.iotcps.2023.04.003","Ray 2023","10.3390/healthcare11060887","Sallam 2023"
"10.2196/43068","Fournier-Tombs 2023","10.1080/10447318.2021.1988236","Zhu 2021"
"10.18261/olr.10.1.1","Hauglid 2023","10.2196/32578","Chew 2022"
"10.2196/49239","Tan 2023","10.1201/9781003051022-5","Nigam 2022"
"10.2196/49239","Tan 2023","10.2196/40533","Weeks 2022"
"10.2196/49239","Tan 2023","10.2196/40789","Aggarwal 2023"
"10.1109/iccfi63302.2024.00018","Blancaflor 2024","10.3390/app13116355","Jing 2023"
"10.18653/v1/2023.emnlp-main.698","Cho 2023","10.1038/s41746-022-00560-6","Parmar 2022"
"10.18653/v1/2023.emnlp-main.698","Cho 2023","10.1177/20552076221090031","Zhu 2022"
"10.18653/v1/2023.emnlp-main.698","Cho 2023","10.1109/temsconeurope54743.2022.9801962","Damij 2022"
"10.18653/v1/2023.emnlp-main.698","Cho 2023","10.2196/38743","Ludin 2022"
"10.18653/v1/2023.emnlp-main.698","Cho 2023","10.1109/icoict55009.2022.9914844","Siddik 2022"
"10.1007/s10270-023-01131-3","Planas 2023","10.1007/978-3-031-07475-2_21","Planas 2022"
"10.3390/healthcare11081061","Denecke 2023","10.2196/38740","Dhinagaran 2022"
"10.3390/healthcare11081061","Denecke 2023","10.3233/shti220992","Denecke 2022"
"10.3390/healthcare11081061","Denecke 2023","10.2196/41583","Denecke 2022"
"10.4018/979-8-3693-9173-0.ch011","Porna 2024","10.3390/jpm13091363","Valencia 2023"
"10.1186/s12966-023-01511-4","Ashton 2023","10.2196/43227","Han 2023"
"10.15557/pipk.2024.0036","Waszak 2025","10.1016/j.jad.2022.09.028","Martinengo 2022"
"10.15557/pipk.2024.0036","Waszak 2025","10.3389/fdgth.2023.1278186","Khawaja 2023"
"10.15557/pipk.2024.0036","Waszak 2025","10.1038/s44184-024-00055-0","Maples 2024"
"10.1109/icscc59169.2023.10335087","Subba 2023","10.24251/hicss.2022.258","Xie 2022"
"10.1177/20552076221090031","Zhu 2022","10.1080/10447318.2021.1988236","Zhu 2021"
"10.18653/v1/2022.emnlp-main.267","Kim 2022","10.18653/v1/2022.acl-long.261","Ziems 2022"
"10.1142/s1793351x22500040","Sayenju 2022","10.1109/icsc52841.2022.00017","Sayenju 2022"
"10.2196/36831","Shan 2022","10.1080/10447318.2021.1988236","Zhu 2021"
"10.1109/icrtac59277.2023.10480794","Singh 2023","10.1007/s11042-022-12820-4","Hsu 2022"
"10.1109/icrtac59277.2023.10480794","Singh 2023","10.1002/eat.23798","Shah 2022"
"10.2196/50696","Sharp 2023","10.1186/s40337-022-00581-2","Fardouly 2022"
"10.2196/40265","Sasseville 2022","10.1038/s41746-022-00560-6","Parmar 2022"
"10.18653/v1/2023.sigdial-1.25","Svikhnushina 2023","10.18653/v1/2022.emnlp-main.267","Kim 2022"
"10.1016/j.arthro.2024.08.036","Özbek 2024","10.2106/jbjs.oa.23.00129","Sparks 2024"
"10.1111/jerd.70223","Karamehmet 2026","10.1016/j.iotcps.2023.04.003","Ray 2023"
"10.1111/jerd.70223","Karamehmet 2026","10.2196/47479","Walker 2023"
"10.1111/jerd.70223","Karamehmet 2026","10.1111/edt.13000","Johnson 2024"
"10.1111/jerd.70223","Karamehmet 2026","10.1016/j.oooo.2025.01.001","Helvacıoğlu-Yiğit 2025"
"10.1002/pne2.70023","Pate 2026","10.2196/40789","Aggarwal 2023"
"10.1002/eat.24260","Fitzsimmons‐Craft 2024","10.1002/eat.23798","Shah 2022"
"10.1002/eat.24260","Fitzsimmons‐Craft 2024","10.1002/erv.3082","D’Adamo 2024"
"10.1155/sci5/2632410","Pereira 2025","10.3390/healthcare11060887","Sallam 2023"
"10.1891/re-25-24","Norton 2025","10.1145/3706598.3713429","Zhang 2025"
"10.1007/s40501-026-00376-1","Strudwick 2026","10.1016/j.ssmmh.2024.100373","Stein 2024"
"10.2196/79961","Wardle 2025","10.2196/35903","White 2022"
"10.2196/79961","Wardle 2025","10.2196/48966","Hristidis 2023"
"10.2196/79961","Wardle 2025","10.1080/0194262x.2023.2250835","Shboul 2023"
"10.1080/00918369.2025.2466712","Rothchild 2025","10.1007/s00238-023-02125-6","Najafali 2023"
"10.1080/00918369.2025.2466712","Rothchild 2025","10.1016/j.bjps.2024.10.020","Snee 2024"
"10.1016/j.drugalcdep.2026.113074","Decker 2026","10.3389/fcomm.2023.1275127","Branley-Bell 2023"
"10.1016/j.drugalcdep.2026.113074","Decker 2026","10.2196/66760","Guo 2025"
"10.1080/10447318.2024.2411619","Li 2024","10.1177/09564624231180777","Nadarzynski 2023"
"10.1080/10447318.2024.2426045","Argan 2024","10.2196/47564","Shahsavar 2023"
"10.1080/10447318.2024.2426045","Argan 2024","10.3390/biomedinformatics4010047","Chow 2024"
"10.1542/peds.2024-066615","Hunter 2024","10.1016/j.eururo.2023.07.004","Musheyev 2023"
"10.1542/peds.2024-066615","Hunter 2024","10.1001/jamaoncol.2023.2947","Pan 2023"
"10.1542/peds.2024-066615","Hunter 2024","10.1089/thy.2023.0491","Campbell 2023"
"10.1155/ahci/5934127","Oh 2025","10.2196/66760","Guo 2025"
"10.2196/66760","Guo 2025","10.3389/fcomm.2023.1275127","Branley-Bell 2023"
"10.2196/70971","Cheese 2025","10.3390/healthcare11060887","Sallam 2023"
"10.2196/63548","Auf 2024","10.3390/informatics10040082","Balcombe 2023"
"10.2196/63548","Auf 2024","10.2196/49936","Ettman 2023"
"10.2196/63548","Auf 2024","10.1038/s41746-023-00979-5","Li 2023"
"10.2196/53829","Foran 2024","10.2196/47960","Karkosz 2023"
"10.2196/53829","Foran 2024","10.1038/s41746-023-00979-5","Li 2023"
"10.1016/j.euros.2024.08.022","Baumgärtner 2024","10.2196/41583","Denecke 2022"
"10.1016/j.euros.2024.08.022","Baumgärtner 2024","10.1001/jamaoncol.2023.2947","Pan 2023"
"10.1016/j.euros.2024.08.022","Baumgärtner 2024","10.1038/s41391-024-00826-y","Hershenhouse 2024"
"10.1186/s13063-024-08247-x","Salamanca-Sanabria 2024","10.3389/fdgth.2023.1039171","Castro 2023"
"10.2196/70436","Tong 2025","10.1038/s41746-023-00979-5","Li 2023"
"10.1016/j.jagp.2026.01.001","Cheng 2026","10.1016/j.jagp.2025.07.013","Francés 2025"
"10.2196/50454","Schillings 2024","10.2196/40789","Aggarwal 2023"
"10.2196/50454","Schillings 2024","10.2196/47551","Li 2023"
"10.2196/50454","Schillings 2024","10.1038/s41746-023-00979-5","Li 2023"
"10.1038/s41432-025-01191-y","Thirumoorthy 2025","10.1007/s00784-025-06356-8","Santonocito 2025"
"10.2196/63515","Graaff 2024","10.1002/wps.20947","Hall 2022"
"10.2196/63515","Graaff 2024","10.1002/wps.21183","Linardon 2024"
"10.1016/j.identj.2024.09.028","Hunsrisakhun 2024","10.2196/56930","Laymouna 2024"
"10.2196/47960","Karkosz 2023","10.1177/20552076221090031","Zhu 2022"
"10.2196/47960","Karkosz 2023","10.1007/978-3-031-06394-7_53","Karkosz 2022"
"10.2196/70874","Sharp 2025","10.1002/eat.23798","Shah 2022"
"10.2196/70874","Sharp 2025","10.2196/39934","Matheson 2023"
"10.2196/70874","Sharp 2025","10.2196/47960","Karkosz 2023"
"10.2196/70874","Sharp 2025","10.2196/50696","Sharp 2023"
"10.2196/70874","Sharp 2025","10.1002/eat.24260","Fitzsimmons‐Craft 2024"
"10.2196/70874","Sharp 2025","10.1186/s40337-025-01225-x","Sharp 2025"
"10.2196/68796","Liang 2025","10.2196/47217","Xue 2023"
"10.2196/68796","Liang 2025","10.1080/07853890.2024.2302980","Kurniawan 2024"
"10.1101/2025.01.22.25320466","Adhikary 2025","10.2196/29969","Wang 2022"
"10.1186/s12912-025-03585-w","Shaban 2025","10.1186/s12912-023-01243-7","Tawfik 2023"
"10.1186/s12912-025-03585-w","Shaban 2025","10.1001/jamaoncol.2023.2947","Pan 2023"
"10.1186/s12912-025-03585-w","Shaban 2025","10.1080/07853890.2024.2302980","Kurniawan 2024"
"10.1186/s12912-025-03585-w","Shaban 2025","10.3390/jpm14080877","Goumas 2024"
"10.1186/s12912-025-03585-w","Shaban 2025","10.2196/64406","Chow 2024"
"10.1186/s12912-025-03585-w","Shaban 2025","10.1007/s13187-025-02592-4","McLean 2025"
"10.1016/j.jdin.2025.04.005","Robinson 2025","10.1016/j.jaad.2024.01.037","Robinson 2024"
"10.1007/s10278-025-01483-w","Busch 2025","10.1016/j.jsurg.2023.11.019","Singer 2023"
